aea_plant_id,year,fuel_type,generation
P3,2011,Oil,1851.534
P4,2011,Oil,1029.531
P5,2011,Oil,489.5706
P5,2011,Hydro,42.111
P6,2011,Hydro,22270.0
P7,2011,Oil,1119.0
P8,2011,Oil,23.0
P8,2011,Hydro,4838.0
P10,2011,Hydro,70602.0
P11,2011,Oil,2283.0
P12,2011,Hydro,24337.0
P13,2011,Hydro,263749.0
P14,2011,Wind,1394.0
,2011,Oil,655.368
P31,2011,Oil,573.845
P33,2011,Oil,632.583
P20,2011,Oil,2779.0
,2011,Oil,65.0
P15,2011,Hydro,17791.0
P18,2011,Hydro,6115.0
P34,2011,Oil,749.742
P16,2011,Hydro,15831.0
P22,2011,Oil,185.0
P26,2011,Oil,95.0
P26,2011,Hydro,3000.12
P36,2011,Oil,83.3
P23,2011,Oil,23.0
,2011,Oil,237.108
P43,2011,Oil,449.908
P25,2011,Oil,1286.0
P17,2011,Hydro,7965.0
P27,2011,Oil,1150.458
P21,2011,Oil,929.0
P28,2011,Oil,119.0
P29,2011,Oil,10400.0
P40,2011,Oil,267.042
P45,2011,Oil,1946.208
P46,2011,Oil,1277.774
P79,2011,Oil,405.42
P48,2011,Oil,1176.332
P49,2011,Oil,1657.267
P49,2011,Wind,741.629
P80,2011,Oil,800.578
P81,2011,Oil,261.5155
P50,2011,Oil,1159.445
P51,2011,Oil,3089.884
P51,2011,Wind,80.325
P52,2011,Oil,1495.881
P52,2011,Wind,387.204
P82,2011,Oil,773.073
P83,2011,Oil,569.047
P84,2011,Oil,594.372
P53,2011,Oil,2711.468
P53,2011,Wind,543.096
P85,2011,Oil,1005.8
P77,2011,Oil,1472.206
P86,2011,Oil,727.038
P54,2011,Oil,2286.42
P54,2011,Wind,496.85
P55,2011,Oil,1511.732
P56,2011,Oil,1212.085
P57,2011,Oil,1966.457
P58,2011,Oil,1315.918
P59,2011,Oil,1644.176
P87,2011,Oil,708.831
P87,2011,Wind,238.706
P88,2011,Oil,652.663
P60,2011,Oil,2796.866
P61,2011,Oil,1466.378
P62,2011,Oil,1800.64
P63,2011,Oil,2001.474
P90,2011,Oil,1110.214
P91,2011,Oil,788.019
P65,2011,Oil,1750.671
P66,2011,Oil,1415.165
P66,2011,Wind,409.24
P93,2011,Oil,1123.786
P67,2011,Oil,3172.434
P73,2011,Oil,1734.962
P68,2011,Oil,1753.637
P68,2011,Wind,359.924
P69,2011,Oil,1735.552
P70,2011,Oil,2745.755
P70,2011,Wind,107.907
P94,2011,Oil,369.015
P95,2011,Oil,903.839
P95,2011,Wind,0.082
P71,2011,Oil,1593.91
P72,2011,Oil,1527.344
P74,2011,Oil,1354.235
P96,2011,Oil,837.989
P75,2011,Oil,3044.756
P76,2011,Oil,2592.108
P76,2011,Wind,559.973
P98,2011,Oil,582.095
P100,2011,Oil,252.608
P101,2011,Oil,48.345
P101,2011,Gas,91290.655
P102,2011,Hydro,66088.0
P103,2011,Oil,328.0
P103,2011,Gas,1082675.0
P105,2011,Oil,2618.598
P107,2011,Oil,444.322
P108,2011,Oil,796.814
P109,2011,Coal,209150.0
,2011,Wind,955.0
P110,2011,Gas,50211.0
P111,2011,Oil,318.03
P47,2011,Oil,41800.0
P113,2011,Oil,1592.204
P114,2011,Oil,304.165
P115,2011,Oil,308.276
P116,2011,Oil,506.531
P117,2011,Oil,199.043
P116,2011,Oil,868.082
P119,2011,Oil,519.236
P120,2011,Gas,2281306.0
P155,2011,Oil,41995.0
P121,2011,Hydro,28759.0
,2011,Oil,21789.0
P124,2011,Oil,389.51
P127,2011,Oil,15113.0
P128,2011,Hydro,46189.0
P129,2011,Oil,7338.0
P130,2011,Oil,17519.0
P133,2011,Oil,9068.0
P134,2011,Hydro,16759.928
P135,2011,Oil,438.7359
P139,2011,Oil,281.745
,2011,Oil,277.4572
,2011,Oil,461.351
,2011,Oil,2566.921
P144,2011,Oil,2907.345
P145,2011,Oil,474.603
P149,2011,Oil,8529.0
P150,2011,Oil,178.0
P150,2011,Coal,178010.0
P151,2011,Oil,486542.0
P153,2011,Oil,755.701
P35,2011,Hydro,1955.0
P35,2011,Oil,98.19696
P154,2011,Oil,3061.62
P157,2011,Gas,276289.0
P158,2011,Oil,143.0
P156,2011,Hydro,303900.0
P160,2011,Oil,372.295
P161,2011,Oil,307.718455
P162,2011,Oil,84.087
P162,2011,Hydro,3566.238
P163,2011,Oil,2025.215
P166,2011,Hydro,183.54
P164,2011,Oil,4816.875
P165,2011,Oil,2769.488
P169,2011,Oil,336.347
P171,2011,Hydro,46676.0
P172,2011,Hydro,22625.0
P173,2011,Oil,2603.0
P174,2011,Hydro,12871.0
P175,2011,Hydro,90502.0
P177,2011,Oil,1712.346
P177,2011,Hydro,3102.464
P178,2011,Oil,1583.208
P182,2011,Oil,18214.0
P183,2011,Oil,3568.0
P184,2011,Wind,12364.0
P185,2011,Oil,70.0
P187,2011,Hydro,114186.0
P188,2011,Oil,406.922
P188,2011,Wind,66.449
P189,2011,Oil,20300.0
P189,2011,Wind,1502.537
P190,2011,Oil,314.147
P191,2011,Oil,1377.593
P192,2011,Oil,1168.266
P193,2011,Oil,159.17355
P193,2011,Hydro,342.385
P194,2011,Oil,472.118
,2011,Oil,32.903
P196,2011,Oil,1365.719
P198,2011,Oil,2840.704
P199,2011,Oil,65.0
P200,2011,Hydro,5129.0
P201,2011,Hydro,15040.0
P202,2011,Oil,220.9848
P203,2011,Oil,302.6524
,2011,Oil,106.4297
P205,2011,Oil,259.1367
P206,2011,Oil,128.072
P207,2011,Oil,19900.0
P209,2011,Oil,979.45
P210,2011,Oil,1630.624
P211,2011,Oil,176.4313
P211,2011,Wind,15.799
P212,2011,Oil,392.2319
P213,2011,Oil,648.44
P214,2011,Oil,399.2111
P215,2011,Oil,33500.0
P216,2011,Oil,3599.0
P217,2011,Oil,3241.0
P218,2011,Oil,4550.0
P219,2011,Oil,1754.0
P219,2011,Gas,1475.0
P220,2011,Oil,6153.0
P221,2011,Oil,3085.0
P222,2011,Oil,6258.0
P223,2011,Oil,829.249
P224,2011,Oil,18800.0
P225,2011,Oil,328.82
P227,2011,Oil,211.787
P228,2011,Oil,798.502
P229,2011,Oil,618.0
P229,2011,Hydro,10803.0
P230,2011,Oil,443.084
P230,2011,Wind,5.517
P232,2011,Oil,490.07
P233,2011,Oil,671.839
P233,2011,Wind,44.0
P236,2011,Oil,732.5764
P237,2011,Oil,420.732
P238,2011,Oil,4295.975
P239,2011,Oil,44.0
P240,2011,Hydro,56154.0
P241,2011,Hydro,58996.0
P242,2011,Oil,1386.0
P247,2011,Oil,194.5705
P248,2011,Oil,648.313
P249,2011,Oil,1146.596
,2011,Oil,472.204
,2011,Oil,1908.416
P252,2011,Oil,4313.795
P253,2011,Oil,434.1617
P256,2011,Oil,416.313
P258,2011,Oil,606.7231
P259,2011,Oil,970.951
P260,2011,Oil,282.2418
,2011,Oil,211.643
,2011,Wind,0.66
P262,2011,Oil,3497.944
P262,2011,Wind,921.367
P264,2011,Oil,43500.0
P265,2011,Oil,426.984
P272,2011,Oil,369.216
P273,2011,Oil,1374.0
P78,2011,Oil,6511.709
P3,2012,Oil,1928.0
P4,2012,Oil,1182.0
P5,2012,Oil,320.0
P5,2012,Hydro,365.0
P6,2012,Hydro,21935.0
P7,2012,Oil,592.0
P8,2012,Hydro,3987.0
P10,2012,Hydro,84467.0
P11,2012,Oil,230.0
P12,2012,Hydro,28396.0
P13,2012,Hydro,290422.0
P14,2012,Wind,989.0
,2012,Oil,690.0
P31,2012,Oil,582.0
P15,2012,Hydro,19497.0
P20,2012,Oil,1600.0
P34,2012,Oil,769.0
P21,2012,Oil,726.0
P16,2012,Hydro,16298.0
P36,2012,Oil,77.0
P23,2012,Oil,34.0
P17,2012,Hydro,6915.0
P43,2012,Oil,415.0
P25,2012,Oil,1270.0
P26,2012,Hydro,3331.0
P27,2012,Oil,1352.0
P18,2012,Hydro,6614.0
P28,2012,Oil,31.0
P29,2012,Oil,10151.0
P40,2012,Oil,287.0
P45,2012,Oil,2031.0
P46,2012,Oil,1312.0
P79,2012,Oil,417.0
P48,2012,Oil,1185.0
P49,2012,Oil,1767.0
P49,2012,Wind,822.0
P80,2012,Oil,818.0
P81,2012,Oil,503.0
P50,2012,Oil,1182.0
P51,2012,Oil,2866.0
P51,2012,Wind,504.0
P52,2012,Oil,1465.0
P52,2012,Wind,453.0
P82,2012,Oil,830.0
P83,2012,Oil,563.0
P84,2012,Oil,617.0
P53,2012,Oil,2740.0
P53,2012,Wind,637.0
P85,2012,Oil,1033.0
P86,2012,Oil,753.0
P54,2012,Oil,2492.0
P54,2012,Wind,517.0
P55,2012,Oil,1500.0
P56,2012,Oil,1208.0
P57,2012,Oil,2034.0
P58,2012,Oil,1324.0
P59,2012,Oil,1627.0
P87,2012,Oil,775.0
P87,2012,Wind,184.0
P88,2012,Oil,652.0
P60,2012,Oil,2853.0
P61,2012,Oil,1443.0
P62,2012,Oil,1864.0
P63,2012,Oil,2003.0
P90,2012,Oil,1064.0
P91,2012,Oil,853.0
P65,2012,Oil,1814.0
P66,2012,Oil,1381.0
P66,2012,Wind,536.0
P93,2012,Oil,1034.0
P67,2012,Oil,3271.0
P73,2012,Oil,1798.0
P68,2012,Oil,1904.0
P68,2012,Wind,242.0
P69,2012,Oil,1649.0
P70,2012,Oil,3137.0
P70,2012,Wind,95.0
P94,2012,Oil,359.0
P95,2012,Oil,813.0
P95,2012,Wind,148.0
P71,2012,Oil,1600.0
P72,2012,Oil,1574.0
P74,2012,Oil,1414.0
P96,2012,Oil,819.0
P75,2012,Oil,3032.0
P76,2012,Oil,2546.0
P76,2012,Wind,640.0
P77,2012,Oil,1411.0
P98,2012,Oil,585.0
P100,2012,Oil,266.0
P101,2012,Oil,51.0
P101,2012,Gas,54582.0
P102,2012,Hydro,71126.0
P103,2012,Oil,1199.0
P103,2012,Gas,1005890.0
P105,2012,Oil,2717.0
P107,2012,Oil,404.0
P107,2012,Hydro,6.0
P108,2012,Oil,741.0
P109,2012,Coal,201405.0
P110,2012,Gas,49580.0
P111,2012,Oil,328.0
P47,2012,Oil,44177.0
P113,2012,Oil,1562.0
P114,2012,Oil,290.0
P115,2012,Oil,298.0
P116,2012,Oil,965.0
P116,2012,Oil,446.0
P117,2012,Oil,381.0
P119,2012,Oil,529.0
P120,2012,Gas,2009571.0
P121,2012,Hydro,77589.0
,2012,Gas,56163.0
P124,2012,Oil,394.0
P127,2012,Oil,12204.0
P128,2012,Hydro,44135.0
P129,2012,Oil,4426.0
P130,2012,Oil,29655.0
P132,2012,Hydro,3477.0
P133,2012,Oil,10786.0
P134,2012,Hydro,13297.0
P135,2012,Oil,520.0
P139,2012,Oil,608.0
,2012,Oil,263.0
,2012,Oil,576.0
P142,2012,Wind,18039.0
P144,2012,Oil,5737.0
,2012,Oil,2844.0
P145,2012,Oil,527.0
P148,2012,Wind,13359.0
P149,2012,Oil,10667.0
P150,2012,Oil,114.0
P150,2012,Coal,215310.0
P151,2012,Oil,590971.0
P153,2012,Oil,812.0
P35,2012,Oil,184.0
P35,2012,Hydro,1975.0
P154,2012,Oil,3446.0
P155,2012,Gas,78818.0
P156,2012,Hydro,397373.0
P157,2012,Gas,239080.0
P158,2012,Oil,201.0
P160,2012,Oil,397.0
P161,2012,Oil,335.0
P162,2012,Hydro,4259.0
P163,2012,Oil,1814.0
P166,2012,Hydro,1059.0
P164,2012,Oil,4668.0
P165,2012,Oil,2970.0
P169,2012,Oil,734.0
P171,2012,Hydro,47490.0
P172,2012,Hydro,24125.0
P174,2012,Hydro,13745.0
P175,2012,Hydro,80974.0
P173,2012,Oil,456.0
P177,2012,Oil,2603.0
P177,2012,Hydro,2450.0
P178,2012,Oil,1489.0
P182,2012,Oil,5486.0
P183,2012,Oil,141.0
P184,2012,Wind,16313.0
P187,2012,Hydro,131121.0
P188,2012,Oil,317.0
P188,2012,Wind,158.0
P189,2012,Oil,19650.0
P189,2012,Wind,3025.0
P190,2012,Oil,320.0
P191,2012,Oil,1437.0
P192,2012,Oil,1097.0
P192,2012,Wind,6.0
P193,2012,Oil,199.0
P193,2012,Hydro,947.0
P194,2012,Oil,455.0
,2012,Oil,73.0
P196,2012,Oil,1374.0
P198,2012,Oil,2754.0
P200,2012,Hydro,5452.0
P201,2012,Hydro,16157.0
P202,2012,Oil,270.0
P203,2012,Oil,298.0
,2012,Oil,116.0
P205,2012,Oil,256.0
P206,2012,Oil,138.0
P207,2012,Oil,19344.0
P209,2012,Oil,776.0
P210,2012,Oil,1846.0
P211,2012,Oil,417.0
P211,2012,Wind,36.0
P212,2012,Oil,389.0
P213,2012,Oil,656.0
P214,2012,Oil,409.0
P215,2012,Oil,34531.0
P216,2012,Oil,4045.0
P217,2012,Oil,3523.0
P218,2012,Oil,5728.0
P219,2012,Oil,2047.0
P219,2012,Gas,1417.0
P220,2012,Oil,6336.0
P221,2012,Oil,3227.0
P222,2012,Oil,6376.0
P223,2012,Oil,878.0
P224,2012,Oil,19164.0
P225,2012,Oil,538.0
P225,2012,Hydro,28.0
P227,2012,Oil,192.0
P228,2012,Oil,820.0
P229,2012,Oil,807.0
P229,2012,Hydro,13259.0
P230,2012,Oil,459.0
P232,2012,Oil,657.0
P233,2012,Oil,1009.0
P233,2012,Wind,188.0
P236,2012,Oil,676.0
P237,2012,Oil,734.0
P238,2012,Oil,4533.0
P239,2012,Oil,100.0
P240,2012,Hydro,55672.0
P241,2012,Hydro,57966.0
P242,2012,Oil,1820.0
P244,2012,Hydro,100440.0
P247,2012,Oil,200.0
P248,2012,Oil,758.0
P249,2012,Oil,1155.0
,2012,Oil,480.0
,2012,Oil,3656.0
P252,2012,Oil,3898.0
P253,2012,Oil,474.0
P256,2012,Oil,417.0
P258,2012,Oil,635.0
P259,2012,Oil,955.0
P259,2012,Wind,33.0
P260,2012,Oil,296.0
,2012,Oil,222.0
P262,2012,Oil,3478.0
P262,2012,Wind,938.0
P264,2012,Oil,44073.0
P265,2012,Oil,503.0
P272,2012,Oil,760.0
P273,2012,Oil,434.0
P78,2012,Oil,6133.0
P2,2013,Oil,69.0
P3,2013,Oil,1873.0
P4,2013,Oil,1146.0
P5,2013,Oil,500.0
P5,2013,Hydro,86.0
P6,2013,Hydro,25056.0
P7,2013,Oil,274.0
P8,2013,Oil,14.0
P8,2013,Hydro,4690.0
P10,2013,Hydro,82519.0
P11,2013,Oil,431.0
P12,2013,Hydro,30072.0
P13,2013,Hydro,258832.0
P14,2013,Wind,1600.0
,2013,Oil,697.0
P31,2013,Oil,573.0
P15,2013,Hydro,20540.0
,2013,Oil,47.0
P20,2013,Oil,1445.0
P34,2013,Oil,718.0
P21,2013,Oil,1501.0
P16,2013,Hydro,15521.0
P22,2013,Oil,844.0
P36,2013,Oil,34.0
P23,2013,Oil,13.0
P17,2013,Hydro,7405.0
P43,2013,Oil,446.0
P25,2013,Oil,1236.0
P26,2013,Oil,188.0
P26,2013,Hydro,3137.0
P27,2013,Oil,1273.0
P18,2013,Hydro,5715.0
P28,2013,Oil,76.0
P29,2013,Oil,9753.0
P40,2013,Oil,299.0
P45,2013,Oil,2266.0
P46,2013,Oil,1257.0
P79,2013,Oil,419.0
P48,2013,Oil,1115.0
P49,2013,Oil,1712.0
P49,2013,Wind,803.0
P80,2013,Oil,829.0
P81,2013,Oil,503.0
P50,2013,Oil,1190.0
P51,2013,Oil,3187.0
P51,2013,Wind,516.0
P52,2013,Oil,1454.0
P52,2013,Wind,482.0
P82,2013,Oil,727.0
P83,2013,Oil,576.0
P84,2013,Oil,630.0
P53,2013,Oil,2685.0
P53,2013,Wind,563.0
P85,2013,Oil,977.0
P86,2013,Oil,708.0
P86,2013,Other,9.0
P54,2013,Oil,2411.0
P54,2013,Wind,562.0
P55,2013,Oil,1525.0
P56,2013,Oil,1267.0
P57,2013,Oil,1966.0
P58,2013,Oil,1302.0
P59,2013,Oil,1585.0
P87,2013,Oil,682.0
P87,2013,Wind,233.0
P88,2013,Oil,606.0
P60,2013,Oil,2903.0
P61,2013,Oil,1390.0
P62,2013,Oil,1874.0
P63,2013,Oil,1925.0
P90,2013,Oil,1038.0
P91,2013,Oil,831.0
P65,2013,Oil,1805.0
P66,2013,Oil,1453.0
P66,2013,Wind,568.0
P93,2013,Oil,1019.0
P67,2013,Oil,3166.0
P73,2013,Oil,1720.0
P68,2013,Oil,1803.0
P68,2013,Wind,353.0
P69,2013,Oil,1674.0
P70,2013,Oil,2809.0
P70,2013,Wind,54.0
P94,2013,Oil,376.0
P95,2013,Oil,737.0
P95,2013,Wind,295.0
P71,2013,Oil,1630.0
P72,2013,Oil,1737.0
P74,2013,Oil,1517.0
P96,2013,Oil,838.0
P75,2013,Oil,3008.0
P76,2013,Oil,2588.0
P76,2013,Wind,557.0
P77,2013,Oil,1327.0
P98,2013,Oil,609.0
P100,2013,Oil,259.0
P101,2013,Oil,174.0
P101,2013,Gas,22163.0
P102,2013,Hydro,89936.0
P103,2013,Oil,1513.0
P103,2013,Gas,560770.0
P105,2013,Oil,2548.0
P106,2013,Oil,517.0
P107,2013,Oil,30.0
P107,2013,Hydro,443.0
P108,2013,Oil,718.0
P109,2013,Coal,187843.0
P110,2013,Oil,26.0
P110,2013,Gas,50226.0
P111,2013,Oil,296.0
P47,2013,Oil,42620.0
P113,2013,Oil,1750.0
P114,2013,Oil,361.0
P115,2013,Oil,269.0
P116,2013,Oil,850.0
P116,2013,Oil,381.0
P117,2013,Oil,384.0
P119,2013,Oil,459.0
P120,2013,Gas,1379744.0
P155,2013,Gas,41965.0
P121,2013,Hydro,35928.0
,2013,Gas,14860.0
P123,2013,Gas,1324209.0
P124,2013,Oil,408.0
P127,2013,Oil,13574.0
P128,2013,Hydro,54750.0
P129,2013,Oil,5075.0
P130,2013,Oil,17027.0
P132,2013,Hydro,3510.0
P133,2013,Oil,9086.0
P134,2013,Hydro,15774.0
P135,2013,Oil,397.0
P139,2013,Oil,603.0
,2013,Oil,247.0
,2013,Oil,691.0
P142,2013,Wind,44784.0
P144,2013,Oil,5428.0
,2013,Oil,2615.0
P145,2013,Oil,524.0
P148,2013,Wind,71010.0
P149,2013,Oil,6878.0
P150,2013,Oil,254.0
P150,2013,Coal,191064.0
P151,2013,Oil,390644.0
P153,2013,Oil,807.0
P35,2013,Oil,64.0
P35,2013,Hydro,1939.0
P154,2013,Oil,3172.0
P156,2013,Hydro,368254.0
P157,2013,Gas,263113.0
P158,2013,Oil,87.0
P160,2013,Oil,411.0
P161,2013,Oil,323.0
P162,2013,Hydro,4048.0
P163,2013,Oil,1760.0
P166,2013,Hydro,1015.0
P164,2013,Oil,4641.0
P165,2013,Oil,3056.0
P169,2013,Oil,705.0
P171,2013,Hydro,42463.0
P172,2013,Hydro,20846.0
P174,2013,Hydro,10997.0
P175,2013,Hydro,69157.0
P173,2013,Oil,10204.0
P177,2013,Oil,2526.0
P177,2013,Hydro,1997.0
P178,2013,Oil,1685.0
P182,2013,Oil,5808.0
P184,2013,Wind,26699.0
P187,2013,Hydro,119142.0
P188,2013,Oil,363.0
P188,2013,Wind,78.0
P189,2013,Oil,18045.0
P189,2013,Wind,3387.0
P190,2013,Oil,283.0
P191,2013,Oil,1448.0
P192,2013,Oil,984.0
P192,2013,Wind,194.0
P193,2013,Oil,26.0
P193,2013,Hydro,773.0
P194,2013,Oil,424.0
,2013,Oil,72.0
P196,2013,Oil,340.0
P198,2013,Oil,2598.0
P200,2013,Hydro,4368.0
P201,2013,Hydro,16198.0
P202,2013,Oil,110.0
P203,2013,Oil,258.0
,2013,Oil,88.0
P205,2013,Oil,237.0
P206,2013,Oil,50.0
P207,2013,Oil,19434.0
P209,2013,Oil,894.0
P210,2013,Oil,1604.0
P211,2013,Oil,170.0
P211,2013,Wind,12.0
P212,2013,Oil,328.0
P213,2013,Oil,684.0
P214,2013,Oil,405.0
P215,2013,Oil,32745.0
P216,2013,Oil,4048.0
P217,2013,Oil,3388.0
P218,2013,Oil,4569.0
P219,2013,Oil,1236.0
P219,2013,Gas,4688.0
P220,2013,Oil,6345.0
P221,2013,Oil,3515.0
P222,2013,Oil,6341.0
P223,2013,Oil,881.0
P224,2013,Oil,18160.0
P225,2013,Oil,434.0
P225,2013,Hydro,326.0
P227,2013,Oil,170.0
P228,2013,Oil,102.0
P228,2013,Hydro,932.0
P229,2013,Oil,661.0
P229,2013,Hydro,11717.0
P230,2013,Oil,411.0
P232,2013,Oil,515.0
P233,2013,Oil,841.0
P233,2013,Wind,375.0
P236,2013,Oil,649.0
P237,2013,Oil,673.0
P238,2013,Oil,4138.0
P239,2013,Oil,306.0
P240,2013,Hydro,52463.0
P241,2013,Hydro,60781.0
P242,2013,Oil,151.0
P244,2013,Hydro,100440.0
P18,2013,Hydro,3725.0
P247,2013,Oil,200.0
P248,2013,Oil,766.0
P249,2013,Oil,1104.0
,2013,Oil,457.0
,2013,Oil,2681.0
P252,2013,Oil,3161.0
P253,2013,Oil,426.0
P256,2013,Oil,399.0
P258,2013,Oil,679.0
P259,2013,Oil,795.0
P259,2013,Wind,268.0
P260,2013,Oil,279.0
,2013,Oil,188.0
P262,2013,Oil,3341.0
P262,2013,Wind,996.0
P263,2013,Oil,45034.0
P264,2013,Oil,175.0
P265,2013,Oil,454.0
P270,2013,Oil,707.0
P272,2013,Oil,740.0
P273,2013,Oil,597.0
P78,2013,Oil,6118.0
P107,2014,Oil,240.28
P107,2014,Hydro,276.175
,2014,Oil,752.976
,2014,Oil,2598.796
P177,2014,Oil,2404.455
P177,2014,Hydro,2222.0
P212,2014,Oil,334.783
P237,2014,Oil,661.949
P238,2014,Oil,886.347
P238,2014,Wind,668.643
,2014,Oil,2060.313
P252,2014,Oil,486.87
P252,2014,Wind,1026.611
,2014,Oil,206.757
P263,2014,Oil,46622.0
P264,2014,Oil,68.0
P266,2014,Oil,25376.087
P266,2014,Other,6345.913
P271,2014,Oil,18767.0
P5,2014,Oil,661.252
P135,2014,Oil,111.673
P153,2014,Oil,829.901
P215,2014,Oil,30761.978
P215,2014,Wind,985.501
P262,2014,Oil,3305.094
P262,2014,Wind,1149.714
P272,2014,Oil,782.2
P48,2014,Oil,1101.112
P50,2014,Oil,1215.857
P52,2014,Oil,1561.583
P52,2014,Wind,422.778
P58,2014,Oil,1260.36
P68,2014,Oil,1921.541
P68,2014,Wind,268.771
P71,2014,Oil,1651.186
P74,2014,Oil,1536.433
P95,2014,Oil,775.63
P95,2014,Wind,378.007
P96,2014,Oil,832.979
P98,2014,Oil,639.124
P73,2014,Oil,1748.687
P116,2014,Oil,446.893
P117,2014,Oil,385.239
P116,2014,Oil,878.157
P125,2014,Oil,60.32
P139,2014,Oil,674.02
P161,2014,Oil,338.429
P162,2014,Oil,17.856
P162,2014,Hydro,3908.007
P188,2014,Oil,409.0
P188,2014,Wind,13.835
P194,2014,Oil,480.5
P196,2014,Oil,1386.126
P207,2014,Oil,21796.13
P213,2014,Oil,745.828
P224,2014,Oil,18811.0
P227,2014,Oil,186.037
P230,2014,Oil,414.17
P232,2014,Oil,525.614
P248,2014,Oil,830.156
P61,2014,Oil,1373.098
P75,2014,Oil,3057.693
P115,2014,Oil,258.105
P119,2014,Oil,463.244
P127,2014,Oil,9104.0
P128,2014,Hydro,54955.0
P129,2014,Oil,2007.0
P130,2014,Oil,21217.0
P132,2014,Hydro,3100.0
P133,2014,Oil,7570.0
P134,2014,Hydro,16525.0
,2014,Oil,441.152
P27,2014,Oil,1034.48
,2014,Oil,288.264
P100,2014,Oil,240.49
P184,2014,Wind,23323.0
P187,2014,Hydro,134031.0
P2,2014,Oil,252.263
P225,2014,Oil,676.226
P225,2014,Hydro,142.871
P91,2014,Oil,850.111
P193,2014,Oil,488.622
P193,2014,Hydro,742.696
P105,2014,Oil,2629.6
P108,2014,Oil,655.181
P178,2014,Oil,1820.988
P191,2014,Oil,1501.492
P192,2014,Oil,1103.731
P192,2014,Wind,210.629
,2014,Oil,71.927
P202,2014,Oil,267.875
P203,2014,Oil,233.035
,2014,Oil,72.476
P205,2014,Oil,258.487
P209,2014,Oil,1058.101
P210,2014,Oil,1521.699
P223,2014,Oil,909.07
P233,2014,Wind,178.457
P259,2014,Oil,93.164
P259,2014,Wind,76.613
P265,2014,Oil,443.881
P3,2014,Oil,1871.996
P4,2014,Oil,1204.634
P45,2014,Oil,2284.423
P47,2014,Oil,11382.4
P49,2014,Oil,1681.383
P49,2014,Wind,829.138
P51,2014,Oil,3475.78
P51,2014,Wind,506.189
P53,2014,Oil,2851.8
P53,2014,Wind,375.806
P54,2014,Oil,2708.255
P54,2014,Wind,390.042
P57,2014,Oil,1966.084
P59,2014,Oil,1518.762
P65,2014,Oil,1721.899
P66,2014,Oil,1705.186
P66,2014,Wind,425.341
P67,2014,Oil,2997.053
P69,2014,Oil,1711.609
P76,2014,Oil,2644.752
P76,2014,Wind,687.991
P77,2014,Oil,1324.101
P80,2014,Oil,850.501
P82,2014,Oil,686.252
P87,2014,Oil,752.757
P87,2014,Wind,231.822
P93,2014,Oil,1039.636
P60,2014,Oil,2855.753
P110,2014,Oil,3.565
P110,2014,Gas,49633.435
P216,2014,Oil,4231.0
P217,2014,Oil,3481.92
P218,2014,Oil,4695.6
P219,2014,Oil,886.39
P219,2014,Gas,5711.61
P220,2014,Oil,5759.0
P221,2014,Oil,3593.257
P222,2014,Oil,6721.97
P254,2014,Oil,5.0
P254,2014,Gas,66099.0
P255,2014,Gas,9104.0
P113,2014,Oil,1681.389
P169,2014,Oil,606.627
P189,2014,Oil,17116.335
P189,2014,Wind,4625.497
P46,2014,Oil,1234.382
P55,2014,Oil,1554.2
P56,2014,Oil,1220.661
P62,2014,Oil,1791.85
P63,2014,Oil,1863.79
P70,2014,Oil,2594.496
P70,2014,Wind,47.939
P72,2014,Oil,1633.556
P101,2014,Oil,39.45
P101,2014,Gas,33602.55
P102,2014,Hydro,83110.0
P103,2014,Oil,987.859
P103,2014,Gas,492729.141
P109,2014,Coal,191062.0
P120,2014,Gas,1216481.0
P121,2014,Hydro,32050.0
P123,2014,Gas,1301502.0
P136,2014,Oil,119.56
P137,2014,Coal,71042.994
P138,2014,Gas,56167.0
P14,2014,Wind,4500.0
P142,2014,Wind,47813.0
P148,2014,Wind,71779.0
P149,2014,Oil,7085.0
P150,2014,Oil,293.044
P150,2014,Coal,185611.956
P151,2014,Oil,313855.0
P155,2014,Gas,17447.0
P156,2014,Hydro,432575.0
P157,2014,Gas,371284.0
P158,2014,Oil,444.0
P159,2014,Gas,46481.0
P239,2014,Oil,49.0
P257,2014,Gas,67069.24
P267,2014,Oil,2827.932
P267,2014,Gas,2161.112
P267,2014,Coal,42366.231
P268,2014,Oil,55.0
P268,2014,Coal,68209.0
,2014,Gas,862.0
P10,2014,Hydro,83600.0
P11,2014,Oil,181.0
P12,2014,Hydro,22116.0
P13,2014,Hydro,285599.0
,2014,Oil,279.623
P15,2014,Hydro,21145.0
P16,2014,Hydro,15140.0
P163,2014,Oil,1812.726
P164,2014,Oil,4595.68
P165,2014,Oil,2838.967
P166,2014,Hydro,1002.42
P17,2014,Hydro,8640.0
P171,2014,Hydro,45508.0
P172,2014,Hydro,24429.0
P174,2014,Hydro,13723.0
P175,2014,Hydro,66187.0
P18,2014,Hydro,5875.0
P20,2014,Oil,306.0
P200,2014,Hydro,5966.0
P201,2014,Hydro,15660.0
P21,2014,Oil,818.0
P22,2014,Oil,214.889
P228,2014,Oil,3.0
P228,2014,Hydro,1097.0
P229,2014,Oil,732.06
P229,2014,Hydro,13108.0
P23,2014,Oil,13.0
P240,2014,Hydro,40707.0
P241,2014,Hydro,70792.0
P242,2014,Oil,251.0
P256,2014,Oil,372.622
P26,2014,Oil,56.56
P273,2014,Oil,673.0
P35,2014,Oil,3.2
P35,2014,Hydro,892.872
P40,2014,Oil,318.36
P6,2014,Hydro,27380.0
P78,2014,Oil,6161.54
P8,2014,Oil,18.0
P8,2014,Hydro,5634.0
P33,2014,Oil,14.948
P43,2014,Oil,431.712
P81,2014,Oil,497.694
P246,2014,Oil,117.351
P106,2014,Oil,528.768
P111,2014,Oil,264.725
P114,2014,Oil,273.641
P124,2014,Oil,389.24
P144,2014,Oil,5842.295
P145,2014,Oil,571.3
P154,2014,Oil,2976.232
P160,2014,Oil,441.982
P190,2014,Oil,298.998
P198,2014,Oil,2558.26
P214,2014,Oil,437.054
P236,2014,Oil,678.94
P247,2014,Oil,72.576
P249,2014,Oil,1125.926
P25,2014,Oil,1169.6
P253,2014,Oil,445.063
P270,2014,Oil,658.4
P29,2014,Oil,9012.12
,2014,Oil,634.584
P31,2014,Oil,557.697
P34,2014,Oil,663.28
P36,2014,Oil,26.304
P79,2014,Oil,410.482
P83,2014,Oil,592.948
P84,2014,Oil,627.226
P85,2014,Oil,955.386
P86,2014,Oil,700.063
P86,2014,Solar,8.649
P88,2014,Oil,614.149
P90,2014,Oil,1002.902
P94,2014,Oil,380.435
P107,2015,Oil,141.865
P107,2015,Hydro,371.32
,2015,Oil,647.112
,2015,Oil,2436.21
P177,2015,Oil,1711.320841
P177,2015,Hydro,2760.0
P212,2015,Oil,327.582
P237,2015,Oil,604.591
P238,2015,Wind,707.205
,2015,Oil,2017.68
P252,2015,Oil,751.33
P252,2015,Wind,742.247
,2015,Oil,201.31
P263,2015,Oil,39395.0
P264,2015,Oil,726.0
P266,2015,Oil,26575.322
P266,2015,Other,4760.678
P271,2015,Oil,19096.0
P5,2015,Oil,285.172
P5,2015,Hydro,2.142
P153,2015,Oil,941.408
P215,2015,Oil,29764.067
P215,2015,Wind,1813.801
P262,2015,Oil,3634.779
P262,2015,Wind,986.523
P272,2015,Oil,767.3
P48,2015,Oil,1143.206
P50,2015,Oil,1263.825
P52,2015,Oil,1415.804
P52,2015,Wind,535.705
P58,2015,Oil,1252.986
P68,2015,Oil,1920.836
P68,2015,Wind,258.538
P71,2015,Oil,1671.336
P74,2015,Oil,2219.982
P95,2015,Oil,794.51
P95,2015,Wind,329.269
P96,2015,Oil,851.047
P98,2015,Oil,622.391
P73,2015,Oil,1130.45
P116,2015,Oil,80.819
P116,2015,Hydro,561.994
P117,2015,Oil,370.636
P116,2015,Oil,898.57
P125,2015,Oil,249.44
P139,2015,Oil,642.311
P161,2015,Oil,349.167
P162,2015,Oil,34.376
P162,2015,Hydro,3746.996
P188,2015,Oil,420.0
P194,2015,Oil,475.619
P196,2015,Oil,1488.142328
P207,2015,Oil,22412.982
P213,2015,Oil,747.389
P224,2015,Oil,18511.6
P227,2015,Oil,194.16
P230,2015,Oil,435.688
P232,2015,Oil,576.538508
P248,2015,Oil,882.193
P61,2015,Oil,1384.652
P75,2015,Oil,3002.202
P211,2015,Oil,254.092
P211,2015,Wind,7.168
P211,2015,Solar,0.306
P115,2015,Oil,247.922
P119,2015,Oil,468.762
P127,2015,Oil,8630.0
P128,2015,Hydro,55982.0
P129,2015,Oil,2233.0
P130,2015,Oil,21316.0
P132,2015,Hydro,3051.0
P133,2015,Oil,7739.0
P134,2015,Hydro,17811.0
,2015,Oil,440.8449119
P27,2015,Oil,1171.2
,2015,Oil,179.34
P100,2015,Oil,208.071
P184,2015,Wind,29107.0
P187,2015,Hydro,128893.0
P2,2015,Oil,257.111
P225,2015,Oil,366.0909
P225,2015,Hydro,401.256
P91,2015,Oil,835.282
P193,2015,Oil,5.812168027
P193,2015,Hydro,484.862
P105,2015,Oil,2673.8
P108,2015,Oil,692.7507094
P178,2015,Oil,1883.748
P191,2015,Oil,1620.721
P192,2015,Oil,914.4566743
P192,2015,Wind,519.737
,2015,Oil,79.428
P202,2015,Oil,278.162
P203,2015,Oil,241.174
,2015,Oil,67.426
P205,2015,Oil,260.8287089
P206,2015,Oil,118.6771428
P209,2015,Oil,982.837
P210,2015,Oil,1593.556
P223,2015,Oil,885.866
P233,2015,Oil,301.5202507
P233,2015,Wind,231.357
P259,2015,Wind,67.743
P265,2015,Oil,443.6057
P3,2015,Oil,1951.908
P4,2015,Oil,1067.311
P45,2015,Oil,2161.015
P47,2015,Oil,42481.8
P49,2015,Oil,1653.595
P49,2015,Wind,922.659
P51,2015,Oil,3580.176
P51,2015,Wind,337.661
P53,2015,Oil,2789.967
P53,2015,Wind,499.906
P54,2015,Oil,2749.219
P54,2015,Wind,378.784
P57,2015,Oil,2010.883
P59,2015,Oil,1506.366
P65,2015,Oil,1809.641
P66,2015,Oil,1754.134
P66,2015,Wind,485.175
P67,2015,Oil,3070.399
P69,2015,Oil,1671.054
P76,2015,Oil,2871.147
P76,2015,Wind,729.037
P77,2015,Oil,1393.635
P80,2015,Oil,879.54
P82,2015,Oil,680.65
P87,2015,Oil,753.95
P87,2015,Wind,199.021
P93,2015,Oil,997.381
P60,2015,Oil,2884.924
P110,2015,Oil,1.588
P110,2015,Gas,50110.412
P216,2015,Oil,4110.0
P217,2015,Oil,3442.36
P218,2015,Oil,4733.1
P219,2015,Oil,392.256
P219,2015,Gas,6250.744
P220,2015,Oil,6584.988306
P221,2015,Oil,3577.981
P222,2015,Oil,7296.27
P254,2015,Gas,79920.0
P255,2015,Gas,801.0
P113,2015,Oil,1733.571748
P113,2015,Wind,73.84
P169,2015,Oil,700.837073
P189,2015,Oil,18117.048
P189,2015,Wind,3319.995
P46,2015,Oil,1492.79
P55,2015,Oil,1617.644
P56,2015,Oil,1214.445
P62,2015,Oil,1837.843
P63,2015,Oil,1976.306
P70,2015,Oil,2678.128
P70,2015,Wind,104.58
P72,2015,Oil,1578.936
P101,2015,Oil,22.908
P101,2015,Gas,47759.092
P102,2015,Hydro,92243.0
P103,2015,Oil,835.771
P103,2015,Gas,653306.229
P109,2015,Coal,198296.0
P120,2015,Gas,381942.0
P121,2015,Hydro,16425.0
P123,2015,Gas,1206285.0
P136,2015,Oil,101.92
P137,2015,Coal,119233.486
P138,2015,Gas,50132.0
P14,2015,Wind,4000.0
P142,2015,Wind,50562.0
P148,2015,Wind,72784.0
P149,2015,Oil,5842.0
P150,2015,Oil,6590.568
P150,2015,Coal,241117.217
P151,2015,Oil,340147.0
P155,2015,Gas,339.0
P156,2015,Hydro,471705.0
P157,2015,Gas,395023.0
P158,2015,Oil,72.0
P159,2015,Gas,41087.0
P197,2015,Gas,476985.0
P239,2015,Oil,386.0
P257,2015,Oil,156.103
P257,2015,Gas,70300.997
P267,2015,Oil,5390.087
P267,2015,Coal,41616.602
P268,2015,Oil,236.0
P268,2015,Coal,67286.0
,2015,Gas,874.0
P10,2015,Hydro,84921.0
P11,2015,Oil,293.0
P12,2015,Hydro,31260.0
P13,2015,Hydro,278023.0
,2015,Oil,315.24
P15,2015,Hydro,21168.0
P16,2015,Hydro,15691.0
P163,2015,Oil,1806.774
P164,2015,Oil,4086.222
P164,2015,Hydro,632.115
P165,2015,Oil,2358.927
P166,2015,Hydro,1141.54
P17,2015,Hydro,8638.0
P171,2015,Hydro,45980.0
P172,2015,Hydro,23133.0
P174,2015,Hydro,13607.0
P175,2015,Hydro,61089.0
P176,2015,Hydro,8712.0
P18,2015,Hydro,5891.0
P199,2015,Oil,1328.0
P20,2015,Oil,1014.0
P200,2015,Hydro,5429.0
P201,2015,Hydro,14712.0
P21,2015,Oil,828.0
P22,2015,Oil,131.46
P228,2015,Hydro,1129.0
P229,2015,Oil,806.54
P229,2015,Hydro,12669.0
P240,2015,Hydro,59501.0
P241,2015,Hydro,49511.0
P256,2015,Oil,407.267
P26,2015,Oil,172.04
P273,2015,Oil,614.0
P28,2015,Oil,184.0
P35,2015,Oil,33.283
P35,2015,Hydro,2115.992
P40,2015,Oil,323.737
P6,2015,Hydro,27012.0
P78,2015,Oil,5882.875
P8,2015,Oil,21.0
P8,2015,Hydro,6465.0
P33,2015,Oil,8.51764
P43,2015,Oil,31.104
P81,2015,Oil,463.849
P106,2015,Oil,479.8166139
P111,2015,Oil,298.784
P114,2015,Oil,126.93
P124,2015,Oil,371.92
P144,2015,Oil,5437.142
P145,2015,Oil,558.813
P154,2015,Oil,3117.618
P160,2015,Oil,446.694
P190,2015,Oil,272.628
P198,2015,Oil,2470.916
P214,2015,Oil,434.207
P234,2015,Oil,56.799
P236,2015,Oil,671.984
P247,2015,Oil,245.1533955
P249,2015,Oil,1286.465
P25,2015,Oil,1156.8
P253,2015,Oil,511.807
P270,2015,Oil,638.4
P29,2015,Oil,9257.72
,2015,Oil,596.952
P31,2015,Oil,537.3
P34,2015,Oil,711.006
P34,2015,Solar,8.779
P36,2015,Oil,6.863
P79,2015,Oil,430.561
P83,2015,Oil,609.336
P84,2015,Oil,604.756
P85,2015,Oil,1021.094
P86,2015,Oil,632.241
P86,2015,Solar,8.173
P88,2015,Oil,663.715
P90,2015,Oil,985.13
P94,2015,Oil,386.457
P107,2016,Oil,120.057
P107,2016,Hydro,358.759
,2016,Oil,611.624
,2016,Oil,1946.696
P177,2016,Oil,2297.174
P177,2016,Hydro,2005.0
P212,2016,Oil,321.212
P237,2016,Oil,543.698
P237,2016,Wind,57.192
P238,2016,Wind,592.969
,2016,Oil,1977.794
P252,2016,Wind,735.698
,2016,Oil,192.999
P263,2016,Oil,46918.0
P264,2016,Oil,289.0
P266,2016,Oil,29837.22
P266,2016,Other,501.78
P271,2016,Oil,18455.0
P5,2016,Oil,463.935
P5,2016,Hydro,112.431
P135,2016,Oil,90.01
P153,2016,Oil,935.455
P215,2016,Oil,29455.264
P215,2016,Wind,1726.729
P262,2016,Oil,3377.605
P262,2016,Wind,964.785
P272,2016,Oil,769.4
P48,2016,Oil,1179.566
P50,2016,Oil,1294.366
P52,2016,Oil,1323.628
P52,2016,Wind,684.108
P58,2016,Oil,1303.487
P68,2016,Oil,2157.808
P68,2016,Wind,180.963
P71,2016,Oil,1684.446
P74,2016,Oil,3406.212
P95,2016,Oil,752.408
P95,2016,Wind,436.104
P96,2016,Oil,866.054
P98,2016,Oil,656.062
P116,2016,Oil,8.548
P116,2016,Hydro,666.373
P117,2016,Oil,356.58
P116,2016,Oil,665.324
P125,2016,Oil,224.96
P139,2016,Oil,542.53
P161,2016,Oil,340.632
P162,2016,Oil,78.53
P162,2016,Hydro,3539.57
P188,2016,Oil,428.9
P194,2016,Oil,450.688
P196,2016,Oil,1389.804
P207,2016,Oil,22085.813
P213,2016,Oil,733.288
P224,2016,Oil,18479.2
P227,2016,Oil,195.538
P230,2016,Oil,454.064
P232,2016,Oil,515.04
P248,2016,Oil,859.334
P61,2016,Oil,1377.62
P75,2016,Oil,3034.629
P211,2016,Oil,440.102
P211,2016,Wind,8.029
P211,2016,Solar,0.835
P115,2016,Oil,269.07
P119,2016,Oil,444.582
P126,2016,Hydro,881.0
P127,2016,Oil,10403.0
P128,2016,Hydro,54850.0
P129,2016,Oil,5050.0
P130,2016,Oil,17636.0
P132,2016,Hydro,3743.0
P133,2016,Oil,5589.0
P134,2016,Hydro,15539.0
,2016,Oil,414.243
P27,2016,Oil,1266.426
,2016,Oil,42.3
P100,2016,Oil,213.859
P184,2016,Wind,29309.0
P187,2016,Hydro,124484.0
P2,2016,Oil,312.066
P225,2016,Oil,294.551
P225,2016,Hydro,446.965
P91,2016,Oil,869.528
P193,2016,Oil,56.446
P193,2016,Hydro,799.771
P105,2016,Oil,2613.996
P108,2016,Oil,724.5018889
P178,2016,Oil,1821.561
P191,2016,Oil,1752.639
P192,2016,Oil,869.77
P192,2016,Wind,381.503
,2016,Oil,71.149
P202,2016,Oil,245.655
P203,2016,Oil,257.797
,2016,Oil,63.519
P205,2016,Oil,245.351
P206,2016,Oil,121.018344
P209,2016,Oil,973.386
P210,2016,Oil,1516.727
P223,2016,Oil,766.044
P233,2016,Oil,66.51
P233,2016,Wind,184.889
P259,2016,Wind,102.568
P265,2016,Oil,441.088
P3,2016,Oil,1971.032
P4,2016,Oil,1133.561
P45,2016,Oil,1282.889
P47,2016,Oil,41975.0
P49,2016,Oil,1811.252
P49,2016,Wind,734.708
P51,2016,Oil,4007.925
P51,2016,Wind,741.977
P53,2016,Oil,2882.885
P53,2016,Wind,544.41
P54,2016,Oil,2494.09
P54,2016,Wind,579.794
P57,2016,Oil,1972.116
P59,2016,Oil,1508.929
P65,2016,Oil,1974.124
P66,2016,Oil,1525.94
P66,2016,Wind,694.313
P67,2016,Oil,3021.606
P69,2016,Oil,1671.649
P76,2016,Oil,2874.662
P76,2016,Wind,681.695
P77,2016,Oil,1481.98
P80,2016,Oil,953.693
P82,2016,Oil,682.065
P87,2016,Oil,827.349
P87,2016,Wind,117.868
P93,2016,Oil,1023.124
P60,2016,Oil,2798.958
P110,2016,Oil,0.797
P110,2016,Gas,50161.203
P216,2016,Oil,4256.0
P217,2016,Oil,3300.275
P218,2016,Oil,4792.4
P219,2016,Oil,414.264
P219,2016,Gas,5934.736
P220,2016,Oil,6818.348
P221,2016,Oil,3704.764
P222,2016,Oil,7322.11
P254,2016,Gas,72702.0
P113,2016,Oil,1556.771
P113,2016,Wind,159.849
P169,2016,Oil,656.235
P189,2016,Oil,16962.819
P189,2016,Wind,4073.088
P46,2016,Oil,1338.498
P55,2016,Oil,1578.772
P56,2016,Oil,1322.266
P62,2016,Oil,1852.883
P63,2016,Oil,1893.38
P70,2016,Oil,2803.685
P70,2016,Wind,63.935
P72,2016,Oil,1592.997
P101,2016,Oil,40.614
P101,2016,Gas,45041.386
P102,2016,Hydro,76916.0
P103,2016,Oil,99.11
P103,2016,Gas,589638.89
P109,2016,Coal,191982.0
P120,2016,Gas,84421.0
P121,2016,Hydro,86666.0
P123,2016,Gas,1245972.0
P136,2016,Oil,107.8
P137,2016,Coal,105551.403
P138,2016,Gas,42516.0
P14,2016,Wind,4446.0
P142,2016,Wind,56022.0
P147,2016,Oil,38.0
P148,2016,Wind,73845.0
P149,2016,Oil,7133.0
P150,2016,Oil,2878.877
P150,2016,Coal,189596.123
P151,2016,Oil,417652.0
P155,2016,Gas,12.0
P156,2016,Hydro,430509.0
P157,2016,Gas,398898.0
P158,2016,Oil,87.0
P159,2016,Gas,39612.0
P197,2016,Gas,819046.0
P239,2016,Oil,105.0
P257,2016,Gas,62679.0
P267,2016,Oil,2603.221
P267,2016,Gas,1129.934
P267,2016,Coal,37330.845
P268,2016,Oil,216.0
P268,2016,Coal,69678.564
P10,2016,Hydro,87454.0
P11,2016,Oil,212.0
P12,2016,Hydro,27902.0
P13,2016,Hydro,273037.0
,2016,Oil,316.791
P15,2016,Hydro,20763.0
P16,2016,Hydro,16957.0
P163,2016,Oil,1846.135
P164,2016,Oil,3529.292
P164,2016,Hydro,1212.903
P165,2016,Oil,2255.999
P166,2016,Hydro,1051.5
P17,2016,Hydro,7123.0
P171,2016,Hydro,42915.0
P172,2016,Hydro,20683.0
P174,2016,Hydro,13207.0
P175,2016,Hydro,71246.0
P176,2016,Hydro,7649.0
P18,2016,Hydro,5322.0
P199,2016,Oil,3046.0
P20,2016,Oil,431.0
P200,2016,Hydro,4585.0
P201,2016,Hydro,14286.0
P21,2016,Oil,689.0
P22,2016,Oil,122.683
P228,2016,Oil,175.0
P228,2016,Hydro,789.0
P229,2016,Oil,110.74
P229,2016,Hydro,11621.0
P240,2016,Hydro,69018.0
P241,2016,Hydro,35983.0
P242,2016,Oil,1099.0
P244,2016,Hydro,96901.0
P256,2016,Oil,406.4
P26,2016,Oil,192.44
P273,2016,Oil,44.0
P35,2016,Oil,43.91
P35,2016,Hydro,2236.793
P40,2016,Oil,357.974
P6,2016,Hydro,25644.0
P7,2016,Oil,8.0
P78,2016,Oil,5943.629
P8,2016,Oil,8.0
P8,2016,Hydro,4589.0
P9,2016,Oil,138.0
P43,2016,Oil,2.938
P81,2016,Oil,486.616
P106,2016,Oil,526.9702296
P111,2016,Oil,299.87852
P114,2016,Oil,163.91
P124,2016,Oil,363.36
P144,2016,Oil,5533.936
P145,2016,Oil,515.643
P154,2016,Oil,3015.25
P160,2016,Oil,463.493
P190,2016,Oil,256.581
P198,2016,Oil,2357.526
P214,2016,Oil,417.185
P234,2016,Oil,200.677
P236,2016,Oil,637.712
P247,2016,Oil,248.3885982
P249,2016,Oil,1289.327
P25,2016,Oil,1124.801
P253,2016,Oil,552.596
P270,2016,Oil,705.1
P29,2016,Oil,9366.719
,2016,Oil,589.679
P31,2016,Oil,519.4
P34,2016,Oil,744.8
P34,2016,Solar,23.951
P79,2016,Oil,425.774
P83,2016,Oil,624.019
P84,2016,Oil,595.4
P85,2016,Oil,1032.859
P86,2016,Oil,592.508
P86,2016,Solar,7.316
P88,2016,Oil,665.416
P90,2016,Oil,1046.427
P94,2016,Oil,399.0148889
P107,2017,Oil,63.8341
P107,2017,Hydro,408.298
,2017,Oil,648.781
,2017,Oil,2328.823
P177,2017,Oil,1696.0
P177,2017,Hydro,2436.0
P212,2017,Oil,338.018
P237,2017,Oil,569.596
P238,2017,Wind,486.361
,2017,Oil,1987.416
P252,2017,Oil,875.9
P252,2017,Wind,624.335
,2017,Oil,195.172
P263,2017,Oil,58373.16
P264,2017,Oil,10.0
P266,2017,Oil,28519.554
P266,2017,Other,1377.446
P271,2017,Oil,15633.0
P5,2017,Oil,446.216
P5,2017,Hydro,114.539
P135,2017,Oil,543.45848
P153,2017,Oil,1037.158
P215,2017,Oil,29914.516
P215,2017,Wind,1907.363
P262,2017,Oil,3617.638
P262,2017,Wind,744.575
P272,2017,Oil,781.719
P48,2017,Oil,1188.819
P50,2017,Oil,1284.955
P52,2017,Oil,1415.187
P52,2017,Wind,570.108
P58,2017,Oil,1321.193
P68,2017,Oil,2208.645
P68,2017,Wind,110.783
P71,2017,Oil,1656.506
P74,2017,Oil,3473.896
P95,2017,Oil,814.33
P95,2017,Wind,317.836
P96,2017,Oil,857.0953708
P98,2017,Oil,645.986
P116,2017,Oil,303.9990577
P116,2017,Hydro,214.163
P117,2017,Oil,345.722
P116,2017,Oil,731.685
P125,2017,Oil,291.44
P139,2017,Oil,586.159
P161,2017,Oil,347.328
P162,2017,Oil,40.174
P162,2017,Hydro,3600.836
P188,2017,Oil,458.2
P194,2017,Oil,443.143
P196,2017,Oil,1355.769
P207,2017,Oil,22369.793
P213,2017,Oil,752.086
P224,2017,Oil,19143.18
P227,2017,Oil,189.184
P230,2017,Oil,496.047
P232,2017,Oil,606.36
P248,2017,Oil,942.435
P61,2017,Oil,1724.326
P75,2017,Oil,3071.161
P115,2017,Oil,268.078
P119,2017,Oil,433.979
P126,2017,Hydro,19710.0
P127,2017,Oil,10237.0
P128,2017,Hydro,36763.0
P129,2017,Oil,1383.0
P130,2017,Oil,21411.0
P132,2017,Hydro,3035.0
P133,2017,Oil,8659.0
P134,2017,Hydro,16154.0
,2017,Oil,409.468
P27,2017,Oil,1411.332
P100,2017,Oil,213.848
P182,2017,Oil,876.0
P184,2017,Wind,24155.0
P186,2017,Oil,36.0
P187,2017,Hydro,137014.0
P2,2017,Oil,272.273
P225,2017,Oil,373.259
P225,2017,Hydro,350.2
P91,2017,Oil,862.4
P193,2017,Oil,106.816
P193,2017,Hydro,863.161
P64,2017,Oil,46.0
P45,2017,Oil,56.0
P231,2017,Oil,62.513
P233,2017,Oil,63.2
P233,2017,Wind,153.876
,2017,Oil,69.744
,2017,Oil,70.598
P206,2017,Oil,120.129
P259,2017,Oil,155.02
P259,2017,Wind,55.209
P202,2017,Oil,243.56
P205,2017,Oil,253.533
P203,2017,Oil,254.725
P265,2017,Oil,428.672
P108,2017,Oil,560.928
P82,2017,Oil,723.318
P223,2017,Oil,784.261
P87,2017,Oil,787.09
P87,2017,Wind,145.271
P80,2017,Oil,923.61
P93,2017,Oil,994.656
P192,2017,Oil,1042.75
P192,2017,Wind,371.45
P209,2017,Oil,1079.539258
P4,2017,Oil,1203.404
P59,2017,Oil,1471.29
P210,2017,Oil,1550.304
P77,2017,Oil,1554.656
P69,2017,Oil,1688.073
P66,2017,Oil,1742.03
P66,2017,Wind,538.548
P178,2017,Oil,1843.812
P57,2017,Oil,1942.266
P3,2017,Oil,1945.101
P191,2017,Oil,1995.79
P49,2017,Oil,2007.096
P49,2017,Wind,599.473
P65,2017,Oil,2018.359
P105,2017,Oil,2604.1
P54,2017,Oil,2698.645
P54,2017,Wind,379.604
P60,2017,Oil,2749.535
P76,2017,Oil,2843.319
P76,2017,Wind,797.875
P53,2017,Oil,3000.81
P53,2017,Wind,465.922
P67,2017,Oil,3046.355
P51,2017,Oil,5343.97
P51,2017,Wind,379.232
P47,2017,Oil,42044.0
P110,2017,Oil,0.766
P110,2017,Gas,49164.234
P216,2017,Oil,4244.298
P217,2017,Oil,3401.747
P218,2017,Oil,4735.0
P219,2017,Oil,560.92
P219,2017,Gas,6226.08
P220,2017,Oil,6814.356
P221,2017,Oil,3419.244
P222,2017,Oil,7389.725
P254,2017,Gas,65312.0
P113,2017,Oil,1676.262
P113,2017,Wind,57.19
P169,2017,Oil,626.982
P169,2017,Wind,35.826
P189,2017,Oil,17819.641
P189,2017,Wind,4016.406
P46,2017,Oil,1302.225
P55,2017,Oil,1615.844
P56,2017,Oil,1326.219
P62,2017,Oil,1860.923
P63,2017,Oil,1933.148
P63,2017,Solar,15.576
P70,2017,Oil,2840.319
P70,2017,Wind,14.837
P72,2017,Oil,1615.584
P101,2017,Oil,9.688
P101,2017,Gas,50839.312
P102,2017,Hydro,119240.0
P103,2017,Oil,62.284
P103,2017,Gas,803761.716
P109,2017,Coal,180906.0
P120,2017,Gas,113992.0
P121,2017,Hydro,25713.0
P123,2017,Gas,1235916.0
P136,2017,Oil,56.84
P137,2017,Coal,106212.0
P138,2017,Gas,44030.0
P14,2017,Wind,2607.0
P142,2017,Wind,47715.0
P147,2017,Oil,223.0
P148,2017,Wind,61514.0
P149,2017,Oil,6660.0
P150,2017,Oil,299.874
P150,2017,Coal,164769.126
P151,2017,Oil,447767.0
P156,2017,Hydro,387059.0
P157,2017,Gas,452731.0
P158,2017,Oil,15.0
P159,2017,Gas,18166.0
P197,2017,Gas,748674.0
P239,2017,Oil,85.0
P257,2017,Gas,62324.0
P267,2017,Oil,4836.676
P267,2017,Gas,554.666
P267,2017,Coal,37047.658
P268,2017,Oil,67.0
P268,2017,Coal,66772.0
P10,2017,Hydro,77150.0
P12,2017,Hydro,27363.0
P13,2017,Hydro,302474.0
,2017,Oil,335.347
P15,2017,Hydro,19221.0
P16,2017,Hydro,15606.0
P163,2017,Oil,1799.437
P164,2017,Oil,3204.283
P164,2017,Hydro,1417.449
P165,2017,Oil,2235.161
P166,2017,Hydro,1002.54
P17,2017,Hydro,9870.0
P171,2017,Hydro,39437.0
P172,2017,Hydro,20778.0
P173,2017,Oil,3307.0
P174,2017,Hydro,10110.0
P175,2017,Hydro,70514.0
P176,2017,Hydro,9373.0
P18,2017,Hydro,5762.0
P199,2017,Oil,3568.0
P20,2017,Oil,1509.0
P200,2017,Hydro,3839.0
P201,2017,Hydro,16932.0
P21,2017,Oil,1553.0
P22,2017,Oil,277.439
P228,2017,Oil,4.0
P228,2017,Hydro,1898.0
P229,2017,Oil,950.6
P229,2017,Hydro,11726.0
P24,2017,Oil,35.0
P240,2017,Hydro,59004.0
P241,2017,Hydro,54587.0
P244,2017,Hydro,111574.0
P256,2017,Oil,414.305
P26,2017,Oil,784.4
P273,2017,Oil,902.0
P28,2017,Oil,66.0
P35,2017,Oil,189.962
P35,2017,Hydro,2206.957
P40,2017,Oil,363.697
P6,2017,Hydro,19151.0
P78,2017,Oil,2474.156
P8,2017,Oil,15.0
P8,2017,Hydro,4543.0
P9,2017,Oil,84.0
P81,2017,Oil,450.9829962
P106,2017,Oil,540.438
P111,2017,Oil,295.06684
,2017,Oil,17.659
P114,2017,Oil,317.77
P124,2017,Oil,382.96
P144,2017,Oil,5765.649
P145,2017,Oil,474.922
P154,2017,Oil,3258.915
P160,2017,Oil,448.653
P190,2017,Oil,316.345
P198,2017,Oil,2245.755
P214,2017,Oil,440.038
P234,2017,Oil,244.669
P236,2017,Oil,658.487
P247,2017,Oil,231.591
P249,2017,Oil,1322.974
P25,2017,Oil,1159.999
P253,2017,Oil,542.716
P270,2017,Oil,695.0
P29,2017,Oil,9386.447
,2017,Oil,618.048
P31,2017,Oil,545.2
P34,2017,Oil,795.86
P34,2017,Solar,25.06
P36,2017,Oil,54.22427
P79,2017,Oil,402.087
P83,2017,Oil,621.474
P84,2017,Oil,632.703
P85,2017,Oil,1084.699
P86,2017,Oil,691.367
P86,2017,Solar,7.556
P88,2017,Oil,632.512
P90,2017,Oil,1037.729
P94,2017,Oil,422.726
P10,2018,Hydro,81558.0
P100,2018,Oil,218.207
P101,2018,Oil,79.951
P101,2018,Gas,28857.049
P102,2018,Hydro,168115.0
P103,2018,Oil,38.745
P103,2018,Gas,843289.255
P105,2018,Oil,2582.3
P106,2018,Oil,479.774
P107,2018,Oil,56.281
P107,2018,Hydro,361.062
P108,2018,Oil,609.759
P109,2018,Coal,177819.0
P110,2018,Oil,1.909
P110,2018,Gas,48251.091
P111,2018,Oil,135.058
,2018,Oil,107.92
P113,2018,Oil,1064.66
P113,2018,Wind,49.296
P114,2018,Oil,289.2880905
P115,2018,Oil,246.47
P116,2018,Oil,164.578
P116,2018,Hydro,473.086
P117,2018,Oil,312.851
P116,2018,Oil,848.6155568
P119,2018,Oil,436.327
P12,2018,Hydro,24389.0
P120,2018,Gas,37832.0
P121,2018,Hydro,59832.0
P123,2018,Gas,1204476.0
P124,2018,Oil,389.8
P125,2018,Oil,296.0603442
P126,2018,Hydro,23077.0
P127,2018,Oil,9662.0
P128,2018,Hydro,42087.0
P129,2018,Oil,888.0
P13,2018,Hydro,259856.0
P130,2018,Oil,16993.0
P132,2018,Hydro,3267.0
P133,2018,Oil,7021.0
P134,2018,Hydro,15171.0
P135,2018,Oil,224.6354658
P136,2018,Oil,69.58
P137,2018,Coal,90177.0
P138,2018,Gas,42948.0
P139,2018,Oil,627.318
P14,2018,Wind,4498.0
,2018,Oil,337.005
,2018,Oil,337.09
P142,2018,Wind,51829.0
,2018,Oil,2412.493
P144,2018,Oil,5821.688
P145,2018,Oil,484.071
P148,2018,Wind,65514.0
P149,2018,Oil,3927.0
P15,2018,Hydro,18099.0
P150,2018,Oil,5373.637
P150,2018,Coal,257091.363
P151,2018,Oil,369250.0
P153,2018,Oil,935.3436077
P154,2018,Oil,3106.62
P155,2018,Gas,396.0
P156,2018,Hydro,404479.0
P157,2018,Gas,404744.0
P158,2018,Oil,85.0
P159,2018,Gas,23756.0
P16,2018,Hydro,14916.0
P160,2018,Oil,442.722
P161,2018,Oil,322.11
P162,2018,Oil,81.61
P162,2018,Hydro,3627.47
P163,2018,Oil,1771.994
P164,2018,Oil,3756.615
P164,2018,Hydro,739.512
P165,2018,Oil,2228.271
P166,2018,Hydro,887.76
P169,2018,Oil,551.94
P169,2018,Wind,80.581
P17,2018,Hydro,10606.0
P171,2018,Hydro,33310.0
P172,2018,Hydro,15741.0
P173,2018,Oil,18614.0
P174,2018,Hydro,9221.0
P175,2018,Hydro,58416.0
P176,2018,Hydro,6998.0
P177,2018,Oil,809.0
P177,2018,Hydro,3728.0
P178,2018,Oil,1729.96
P18,2018,Hydro,4146.0
P182,2018,Oil,74.0
P184,2018,Wind,26170.0
P187,2018,Hydro,121969.0
P188,2018,Oil,460.526
P189,2018,Oil,15590.241
P189,2018,Wind,4400.163
P190,2018,Oil,204.142
P191,2018,Oil,1685.673
P192,2018,Oil,1071.689784
P192,2018,Wind,273.366
P193,2018,Oil,33.901
P193,2018,Hydro,922.939
P194,2018,Oil,373.209
,2018,Oil,49.8135
P196,2018,Oil,632.1398979
P197,2018,Gas,614791.0
P198,2018,Oil,2178.654
P199,2018,Oil,5578.0
P2,2018,Oil,275.529
P20,2018,Oil,2349.0
P200,2018,Hydro,5384.0
P201,2018,Hydro,8157.0
P202,2018,Oil,232.445
P203,2018,Oil,242.862
,2018,Oil,64.385
P205,2018,Oil,253.754
P206,2018,Oil,126.3604822
P207,2018,Oil,24837.295
P209,2018,Oil,822.1734272
P21,2018,Oil,1575.0
P210,2018,Oil,1507.844
P211,2018,Oil,298.332
P212,2018,Oil,320.114
P213,2018,Oil,638.836
P214,2018,Oil,386.726
P215,2018,Oil,28959.577
P215,2018,Wind,2102.643
P216,2018,Oil,4033.0
P217,2018,Oil,2653.826
P218,2018,Oil,4469.213
P219,2018,Oil,925.74
P219,2018,Gas,5854.26
P22,2018,Oil,1461.111
P220,2018,Oil,6768.559
P221,2018,Oil,3587.415
P222,2018,Oil,7424.42
P223,2018,Oil,773.081
P224,2018,Oil,19186.147
P225,2018,Oil,397.574
P225,2018,Hydro,276.468
P227,2018,Oil,200.199
P228,2018,Oil,162.0
P228,2018,Hydro,1147.0
P229,2018,Oil,412.58
P229,2018,Hydro,8906.0
P23,2018,Oil,3.0
P230,2018,Oil,467.705
P232,2018,Oil,570.6
P233,2018,Oil,681.3
P233,2018,Wind,729.313
P234,2018,Oil,65.74523399
P236,2018,Oil,542.331
P237,2018,Oil,598.653
P238,2018,Oil,3009.412
P238,2018,Wind,358.261
P239,2018,Oil,144.0
P24,2018,Oil,1331.0
P240,2018,Hydro,56170.0
P241,2018,Hydro,52270.0
P244,2018,Hydro,117206.0
P246,2018,Oil,132.621
P247,2018,Oil,110.507837
P248,2018,Oil,947.255
P249,2018,Oil,1340.148
P25,2018,Oil,1116.799
,2018,Oil,404.712
,2018,Oil,2071.426
P252,2018,Oil,2805.538
P252,2018,Wind,1202.683
P253,2018,Oil,547.907
P254,2018,Gas,61008.0
P256,2018,Oil,389.923
P257,2018,Gas,64726.539
P258,2018,Oil,550.337
P259,2018,Oil,866.8
P259,2018,Wind,158.959
P26,2018,Oil,73.685
P26,2018,Hydro,1988.0
P260,2018,Oil,150.9636364
,2018,Oil,215.92
P262,2018,Oil,3590.78
P262,2018,Wind,785.961
P263,2018,Oil,54364.0
P264,2018,Oil,201.0
P265,2018,Oil,380.988
P266,2018,Oil,27726.229
P266,2018,Other,2789.771
P267,2018,Oil,5780.289
P267,2018,Coal,35857.711
P268,2018,Oil,131.0
P268,2018,Coal,67619.0
P27,2018,Oil,1377.214
P270,2018,Oil,708.8407407
P271,2018,Oil,11797.0
P272,2018,Oil,858.155
P273,2018,Oil,520.0
P28,2018,Oil,77.0
P29,2018,Oil,9383.041
P3,2018,Oil,1919.966
,2018,Oil,593.712
P31,2018,Oil,538.3
P34,2018,Oil,818.72
P34,2018,Solar,24.343
P35,2018,Oil,223.788
P35,2018,Hydro,2205.052
P36,2018,Oil,47.709
P4,2018,Oil,1202.145
P40,2018,Oil,400.003
P46,2018,Oil,1234.807
P47,2018,Oil,41814.295
P47,2018,Wind,212.732
P48,2018,Oil,1199.979
P49,2018,Oil,1775.076
P49,2018,Wind,736.898
P5,2018,Oil,538.796
P5,2018,Hydro,102.201
P50,2018,Oil,1333.804
P51,2018,Oil,5437.896
P51,2018,Wind,394.718
P52,2018,Oil,1505.86
P52,2018,Wind,475.56
P53,2018,Oil,2847.139
P53,2018,Wind,568.537
P54,2018,Oil,2594.833
P54,2018,Wind,397.908
P55,2018,Oil,1668.503
P56,2018,Oil,1295.253
P57,2018,Oil,1968.763
P58,2018,Oil,1307.009
P59,2018,Oil,1502.128
P6,2018,Hydro,26657.0
P60,2018,Oil,2773.668
P61,2018,Oil,1832.28
P62,2018,Oil,1941.352
P63,2018,Oil,2000.855
P63,2018,Solar,11.499
P65,2018,Oil,1824.956
P66,2018,Oil,1608.37
P66,2018,Wind,551.549
P67,2018,Oil,3071.144
P68,2018,Oil,2119.143
P68,2018,Wind,125.398
P69,2018,Oil,1672.489
P70,2018,Oil,2713.826
P71,2018,Oil,1642.816
P72,2018,Oil,1627.662
P74,2018,Oil,3519.456
P75,2018,Oil,3084.073
P76,2018,Oil,2969.299
P76,2018,Wind,851.987
P77,2018,Oil,1570.604
P78,2018,Oil,5829.114
P79,2018,Oil,406.776
P8,2018,Oil,7.0
P8,2018,Hydro,4096.0
P80,2018,Oil,961.739
P82,2018,Oil,740.611
P83,2018,Oil,655.079
P84,2018,Oil,605.537
P85,2018,Oil,1131.645
P86,2018,Oil,710.583
P86,2018,Solar,0.044
P87,2018,Oil,774.503
P87,2018,Wind,135.193
P88,2018,Oil,623.494
P9,2018,Oil,130.0
P90,2018,Oil,975.183
P91,2018,Oil,809.976
P93,2018,Oil,1010.729
P94,2018,Oil,403.281
P95,2018,Oil,779.266
P95,2018,Wind,331.214
P96,2018,Oil,885.521
P98,2018,Oil,656.88
P10,2019,Hydro,67932.0
P100,2019,Oil,197.209
P101,2019,Oil,56.779
P101,2019,Gas,14680.121
P102,2019,Hydro,190971.0
P103,2019,Oil,0.644
P103,2019,Gas,626188.356
P105,2019,Oil,2466.81
P106,2019,Oil,556.813
P107,2019,Oil,83.651
P107,2019,Hydro,261.938
P108,2019,Oil,287.729
P109,2019,Coal,186691.0
P11,2019,Oil,1050.0
P110,2019,Oil,3.055
P110,2019,Gas,47563.945
P111,2019,Oil,223.446
,2019,Oil,108.804
P113,2019,Oil,1439.622
P113,2019,Wind,129.595
P114,2019,Oil,208.33
P115,2019,Oil,160.833
P116,2019,Oil,69.109
P116,2019,Hydro,430.863
P117,2019,Oil,316.378
P116,2019,Oil,665.487
P119,2019,Oil,425.685
P12,2019,Hydro,23099.0
P120,2019,Gas,55031.0
P121,2019,Hydro,46102.0
,2019,Gas,48.0
P123,2019,Gas,1184167.472
P124,2019,Oil,386.8
P125,2019,Oil,314.4
P126,2019,Hydro,19135.0
P127,2019,Oil,2958.0
P128,2019,Hydro,53198.0
P129,2019,Oil,3104.0
P13,2019,Hydro,238708.0
P130,2019,Oil,17823.0
P132,2019,Hydro,3158.0
P133,2019,Oil,6137.0
P134,2019,Hydro,16620.0
P136,2019,Oil,65.66
P137,2019,Coal,71202.0
P138,2019,Gas,36898.0
P139,2019,Oil,622.503
P14,2019,Wind,3970.0
,2019,Oil,320.921
,2019,Oil,748.645
P142,2019,Wind,48221.0
,2019,Oil,2102.4
P144,2019,Oil,6033.332
P145,2019,Oil,446.269
P148,2019,Wind,60106.0
P149,2019,Oil,7685.0
P15,2019,Hydro,19976.0
P150,2019,Oil,10258.488
P150,2019,Coal,334301.512
P151,2019,Oil,431296.0
P153,2019,Oil,950.66
P154,2019,Oil,3099.902
P155,2019,Gas,6009.0
P156,2019,Hydro,413592.0
P157,2019,Gas,239545.0
P158,2019,Oil,63.0
P159,2019,Gas,46499.0
P16,2019,Hydro,15420.0
P160,2019,Oil,365.566
P161,2019,Oil,318.342
P161,2019,Hydro,0.609
P162,2019,Oil,69.12
P162,2019,Hydro,3677.44
P163,2019,Oil,1723.443
P164,2019,Oil,3685.641
P164,2019,Hydro,916.602
P165,2019,Oil,2232.15
P166,2019,Hydro,884.068
P169,2019,Oil,362.517
P169,2019,Wind,52.839
P17,2019,Hydro,10741.0
P171,2019,Hydro,35139.0
P172,2019,Hydro,19815.0
P173,2019,Oil,26855.0
P174,2019,Hydro,8560.0
P175,2019,Hydro,54365.0
P176,2019,Hydro,9908.0
P177,2019,Oil,591.0
P177,2019,Hydro,3497.0
P178,2019,Oil,1600.804
P178,2019,Wind,138.571
P18,2019,Hydro,4473.0
P184,2019,Wind,25015.0
P187,2019,Hydro,124762.0
P188,2019,Oil,494.908
P189,2019,Oil,20368.0
P189,2019,Wind,1788.93
P191,2019,Oil,1815.081
P192,2019,Oil,933.31
P192,2019,Wind,326.432
P193,2019,Oil,112.093
P193,2019,Hydro,713.155
P194,2019,Oil,418.425
,2019,Oil,54.689
P196,2019,Oil,1046.869
P197,2019,Gas,723815.0
P198,2019,Oil,2208.715
P199,2019,Oil,2464.0
P2,2019,Oil,249.42
P20,2019,Oil,461.0
P200,2019,Hydro,5809.0
P201,2019,Hydro,9111.0
P202,2019,Oil,219.965
P203,2019,Oil,256.801
,2019,Oil,56.324
P205,2019,Oil,257.456
P206,2019,Oil,120.036
P207,2019,Oil,25789.4
P209,2019,Oil,295.829
P21,2019,Oil,1713.0
P210,2019,Oil,1452.696
P211,2019,Oil,976.321
P211,2019,Wind,11.794
P211,2019,Solar,0.732
P212,2019,Oil,299.758
P213,2019,Oil,710.601
P214,2019,Oil,463.632
P215,2019,Oil,28959.26
P215,2019,Wind,2347.98
P216,2019,Oil,4042.567
P217,2019,Oil,2782.0
P218,2019,Oil,4510.0
P219,2019,Oil,1675.12
P219,2019,Gas,5226.88
P220,2019,Oil,6269.0
P221,2019,Oil,3691.484
P222,2019,Oil,7461.385
P223,2019,Oil,792.106
P224,2019,Oil,19189.907
P225,2019,Oil,400.546
P225,2019,Hydro,271.39
P227,2019,Oil,145.148
P228,2019,Oil,338.0
P228,2019,Hydro,717.0
P229,2019,Oil,3342.0
P229,2019,Hydro,9598.0
P230,2019,Oil,282.75
P232,2019,Oil,525.478
P233,2019,Oil,583.93
P233,2019,Wind,654.358
P234,2019,Oil,126.915
P235,2019,Solar,131.0
P236,2019,Oil,271.923
P237,2019,Oil,558.02
P238,2019,Wind,152.635
P67,2019,Oil,218.0
P24,2019,Oil,1944.0
P240,2019,Hydro,59458.0
P241,2019,Hydro,51134.0
P244,2019,Hydro,75977.0
P248,2019,Oil,830.391
P249,2019,Oil,1264.894
P25,2019,Oil,1041.601
,2019,Oil,355.928
,2019,Oil,2142.743
P252,2019,Wind,1022.284
P253,2019,Oil,545.939
P254,2019,Gas,56413.0
P256,2019,Oil,387.515
P257,2019,Gas,68210.0
P259,2019,Oil,1037.47
P259,2019,Wind,137.542
P26,2019,Oil,626.0
P26,2019,Hydro,1932.0
,2019,Oil,204.029
P262,2019,Oil,3479.096
P262,2019,Wind,807.531
P263,2019,Oil,52998.0
P264,2019,Oil,1194.62
P265,2019,Oil,79.088
P266,2019,Oil,29497.328
P266,2019,Other,662.672
P267,2019,Oil,6548.41
P267,2019,Gas,0.08
P267,2019,Coal,21779.51
P268,2019,Oil,277.0
P268,2019,Coal,69081.0
P27,2019,Oil,1396.263
P270,2019,Oil,724.3
P271,2019,Oil,17373.0
P272,2019,Oil,888.186
P273,2019,Oil,612.0
P29,2019,Oil,9343.4
P3,2019,Oil,1733.814
,2019,Oil,611.182
P31,2019,Oil,475.7
P34,2019,Oil,807.12
P34,2019,Solar,23.573
P35,2019,Oil,239.997
P35,2019,Hydro,2151.827
P36,2019,Oil,68.007
P4,2019,Oil,929.501
P40,2019,Oil,431.358
P46,2019,Oil,1176.0
P47,2019,Oil,42283.041
P47,2019,Wind,1121.743
P48,2019,Oil,1188.0
P49,2019,Oil,1750.759
P49,2019,Wind,730.81
P5,2019,Oil,642.182
P5,2019,Hydro,0.002
P50,2019,Oil,1293.673
P51,2019,Oil,5464.327
P51,2019,Wind,500.673
P52,2019,Oil,1726.228
P52,2019,Wind,269.921
P53,2019,Oil,3136.972
P53,2019,Wind,288.81
P54,2019,Oil,2697.897
P54,2019,Wind,276.88
P55,2019,Oil,1667.736
P56,2019,Oil,1678.719
P57,2019,Oil,2010.362
P58,2019,Oil,1267.364
P59,2019,Oil,1422.0
P6,2019,Hydro,26761.0
P60,2019,Oil,2644.906
P61,2019,Oil,1825.185
P62,2019,Oil,1864.849
P63,2019,Oil,1973.077
P63,2019,Solar,8.577
P65,2019,Oil,1802.533
P66,2019,Oil,1564.475
P66,2019,Wind,628.001
P67,2019,Oil,2121.492
P67,2019,Wind,1112.314
P68,2019,Oil,2228.062
P68,2019,Wind,80.989
P69,2019,Oil,1643.411
P70,2019,Oil,2558.41
P71,2019,Oil,1714.112
P72,2019,Oil,1639.134
P74,2019,Oil,3456.195
P75,2019,Oil,3012.627
P76,2019,Oil,3006.201
P76,2019,Wind,653.957
P77,2019,Oil,1535.661
P78,2019,Oil,5850.652
P79,2019,Oil,413.962
P8,2019,Oil,3.0
P8,2019,Hydro,366.0
P80,2019,Oil,986.257
P82,2019,Oil,728.48
P83,2019,Oil,654.537
P84,2019,Oil,575.081
P85,2019,Oil,1028.383
P86,2019,Oil,625.356
P86,2019,Solar,0.08
P87,2019,Oil,800.121
P87,2019,Wind,60.649
P88,2019,Oil,654.595
P9,2019,Oil,318.0
P90,2019,Oil,1000.495
P91,2019,Oil,759.839
P93,2019,Oil,970.412
P94,2019,Oil,414.287
P95,2019,Oil,762.567
P95,2019,Wind,393.317
P96,2019,Oil,861.802
P98,2019,Oil,638.865
P10,2020,Hydro,72444.0
P100,2020,Oil,199.304
P101,2020,Oil,126.501
P101,2020,Gas,7519.499
P109,2020,Coal,188212.0
P105,2020,Oil,2523.5
P106,2020,Oil,635.369
P107,2020,Oil,67.615
P107,2020,Hydro,285.258
P108,2020,Oil,944.928
P120,2020,Gas,16401.0
P110,2020,Oil,5.293
P110,2020,Gas,51132.707
P111,2020,Oil,253.02
,2020,Oil,97.77
P46,2020,Oil,1246.482
P114,2020,Oil,283.05
P115,2020,Oil,115.076
P116,2020,Oil,280.141
P116,2020,Hydro,235.858
P117,2020,Oil,315.79
P116,2020,Oil,1130.604
P119,2020,Oil,421.494
P12,2020,Hydro,27559.0
P155,2020,Gas,3468.0
P156,2020,Hydro,466635.0
P121,2020,Hydro,60854.0
P124,2020,Oil,409.804
P125,2020,Oil,336.394
P126,2020,Hydro,20808.0
P127,2020,Oil,5665.0
P128,2020,Hydro,33509.0
P129,2020,Oil,4821.0
P13,2020,Hydro,283197.0
P130,2020,Oil,23442.0
P132,2020,Hydro,2877.0
P133,2020,Oil,7925.0
P134,2020,Hydro,13918.0
P135,2020,Oil,306.343
P14,2020,Wind,3849.0
P268,2020,Oil,186.0
P268,2020,Coal,72878.0
P197,2020,Gas,729085.0
P139,2020,Oil,677.785
P102,2020,Hydro,170181.0
,2020,Oil,302.805
,2020,Oil,759.086
P148,2020,Wind,46088.0
,2020,Oil,2359.44
P144,2020,Oil,5311.047
P145,2020,Oil,450.076
P149,2020,Oil,14518.0
P142,2020,Wind,47201.0
P136,2020,Oil,98.98
P103,2020,Gas,447493.0
P15,2020,Hydro,21207.0
P152,2020,Solar,412.3
P150,2020,Oil,9715.228
P150,2020,Coal,348418.772
P153,2020,Oil,916.228
P154,2020,Oil,2954.017
P138,2020,Gas,38966.0
P157,2020,Gas,404839.0
P151,2020,Oil,546068.0
P158,2020,Oil,120.0
P16,2020,Hydro,15105.0
P160,2020,Oil,465.911
P161,2020,Oil,299.826
P161,2020,Hydro,16.116
P162,2020,Oil,24.08
P162,2020,Hydro,3848.63
P163,2020,Oil,1745.979
P164,2020,Oil,3115.411
P164,2020,Hydro,1428.86
P165,2020,Oil,2161.479
P165,2020,Hydro,128.3
P166,2020,Hydro,954.54
P55,2020,Oil,1662.203
P17,2020,Hydro,5783.0
P171,2020,Hydro,45436.0
P172,2020,Hydro,24202.0
P174,2020,Hydro,13614.0
P175,2020,Hydro,72648.0
P176,2020,Hydro,9473.0
P177,2020,Oil,597.0
P177,2020,Hydro,3617.0
P178,2020,Oil,1438.291
P178,2020,Wind,469.303
P56,2020,Oil,1830.596
P18,2020,Hydro,5965.0
P184,2020,Wind,24682.0
P187,2020,Hydro,126419.0
P188,2020,Oil,421.356
P62,2020,Oil,1870.753
P190,2020,Oil,123.156
P191,2020,Oil,1870.227
P192,2020,Oil,1102.58
P192,2020,Wind,246.171
P193,2020,Oil,17.9
P193,2020,Hydro,468.819
P194,2020,Oil,412.978
,2020,Oil,13.979
P196,2020,Oil,1204.023
P159,2020,Gas,35259.0
P198,2020,Oil,2230.27
P199,2020,Oil,1035.0
P2,2020,Oil,250.903
P20,2020,Oil,299.0
P200,2020,Hydro,5415.0
P201,2020,Hydro,11178.0
P202,2020,Oil,251.559
P203,2020,Oil,303.312
,2020,Oil,65.506
P205,2020,Oil,254.675
P206,2020,Oil,135.308
P207,2020,Oil,21413.671
P209,2020,Oil,877.806
P21,2020,Oil,734.0
P210,2020,Oil,1445.44
P211,2020,Oil,382.057
P211,2020,Wind,11.549
P211,2020,Solar,1.158
P212,2020,Oil,293.843
P213,2020,Oil,695.201
P214,2020,Oil,398.057
P215,2020,Oil,29118.527
P215,2020,Wind,2399.937
P216,2020,Oil,4094.432
P217,2020,Oil,2909.0
P218,2020,Oil,3884.429
P219,2020,Oil,1201.292
P219,2020,Gas,3888.708
P22,2020,Oil,124.0
P220,2020,Oil,6244.0
P221,2020,Oil,3347.512
P222,2020,Oil,7519.46
P223,2020,Oil,830.847
P224,2020,Oil,18565.575
P225,2020,Oil,572.519
P225,2020,Hydro,113.6
P227,2020,Oil,183.294
P228,2020,Oil,843.0
P228,2020,Hydro,262.0
P229,2020,Oil,868.28
P229,2020,Hydro,13273.0
P23,2020,Oil,2.0
P230,2020,Oil,498.556
P232,2020,Oil,615.484
P233,2020,Oil,814.46
P233,2020,Wind,509.719
P234,2020,Oil,264.655
P123,2020,Gas,1125773.9
P236,2020,Oil,492.842
P237,2020,Oil,527.947
P238,2020,Oil,3042.315
P257,2020,Oil,4209.915
P257,2020,Gas,64054.085
P24,2020,Oil,484.0
P244,2020,Hydro,89657.0
P248,2020,Oil,887.782
P249,2020,Oil,1246.993
P25,2020,Oil,1102.4
,2020,Oil,424.791
,2020,Oil,1983.991
P252,2020,Oil,3265.108
P252,2020,Wind,347.0
P253,2020,Oil,558.74
P254,2020,Gas,55955.0
P256,2020,Oil,403.149
P267,2020,Oil,1903.775
P267,2020,Gas,6.054
P267,2020,Coal,43541.171
P259,2020,Oil,1188.83
P259,2020,Wind,107.712
P26,2020,Oil,1430.144
P26,2020,Hydro,2131.975
,2020,Oil,183.663
P262,2020,Oil,3528.0
P262,2020,Wind,774.169
P263,2020,Oil,42197.0
P264,2020,Oil,2587.2
P265,2020,Oil,51.658
P266,2020,Oil,30453.615
P266,2020,Other,119.385
P137,2020,Coal,68739.0
P235,2020,Solar,1308.0
P27,2020,Oil,1392.465
P270,2020,Oil,723.0
P271,2020,Oil,18835.0
P272,2020,Oil,873.346
P273,2020,Oil,584.0
P28,2020,Oil,8.0
P29,2020,Oil,9987.44
,2020,Oil,8030.56
,2020,Hydro,16984.937
P3,2020,Oil,1910.344
P30,2020,Oil,667.394
P31,2020,Oil,489.1
P34,2020,Oil,849.04
P34,2020,Solar,26.427
P35,2020,Oil,122.36
P35,2020,Hydro,2305.657
P36,2020,Oil,85.861
P4,2020,Oil,997.522
P40,2020,Oil,438.02
P63,2020,Oil,1956.735
P63,2020,Solar,12.355
P47,2020,Oil,42396.91
P47,2020,Wind,1346.765
P48,2020,Oil,1292.448
P49,2020,Oil,1825.064
P49,2020,Wind,739.255
P5,2020,Oil,443.286
P5,2020,Hydro,28.072
P50,2020,Oil,1273.416
P51,2020,Oil,5061.163
P51,2020,Wind,513.132
P52,2020,Oil,1639.707
P52,2020,Wind,329.483
P53,2020,Oil,3276.513
P53,2020,Wind,277.909
P54,2020,Oil,2681.203
P54,2020,Wind,396.545
P70,2020,Oil,2928.116
P72,2020,Oil,1691.692
P57,2020,Oil,2063.624
P58,2020,Oil,1263.899
P59,2020,Oil,1491.798
P6,2020,Hydro,25962.0
P60,2020,Oil,2520.964
P61,2020,Oil,1887.222
P113,2020,Oil,1519.632
P113,2020,Wind,298.727
P169,2020,Oil,403.654
P169,2020,Wind,85.507
P169,2020,Solar,29.85
P65,2020,Oil,1824.236
P66,2020,Oil,1903.05
P66,2020,Wind,371.809
P67,2020,Oil,1997.542
P67,2020,Wind,1912.159
P68,2020,Oil,2320.215
P68,2020,Wind,57.261
P69,2020,Oil,1654.537
P71,2020,Oil,1803.318
P189,2020,Oil,17461.695
P189,2020,Wind,3658.094
P189,2020,Solar,152.07
P74,2020,Oil,3505.795
P75,2020,Oil,2931.37
P76,2020,Oil,3239.799
P76,2020,Wind,380.473
P77,2020,Oil,1587.179
P78,2020,Oil,6083.545
P79,2020,Oil,398.054
P80,2020,Oil,1060.417
P82,2020,Oil,752.054
P83,2020,Oil,653.196
P84,2020,Oil,590.214
P85,2020,Oil,1037.808
P86,2020,Oil,650.442
P86,2020,Solar,7.251
P87,2020,Oil,863.133
P87,2020,Wind,33.954
P88,2020,Oil,686.371
P90,2020,Oil,1054.759
P91,2020,Oil,800.502
P93,2020,Oil,945.36
P94,2020,Oil,426.422
P95,2020,Oil,812.305
P95,2020,Wind,316.057
P96,2020,Oil,834.658
P98,2020,Oil,658.066
P2,2021,Oil,286.831
P3,2021,Oil,2003.701
P4,2021,Oil,224.694
P5,2021,Oil,515.405
P5,2021,Hydro,168.137
P6,2021,Hydro,25983.0
P8,2021,Oil,5.0
P8,2021,Hydro,5419.0
P10,2021,Hydro,87446.0
P12,2021,Hydro,24590.0
P13,2021,Hydro,289785.0
P14,2021,Wind,3654.0
P15,2021,Hydro,22727.0
P16,2021,Hydro,14473.0
P17,2021,Hydro,6902.0
P18,2021,Hydro,6206.0
P20,2021,Oil,324.0
P21,2021,Oil,696.0
P22,2021,Oil,1390.0
P23,2021,Oil,12.0
P24,2021,Oil,600.0
P25,2021,Oil,1096.0
P26,2021,Oil,1483.179
P26,2021,Hydro,2501.397
P27,2021,Oil,1424.009
P28,2021,Oil,20.0
P29,2021,Oil,10384.0
P30,2021,Oil,662.064
P31,2021,Oil,517.5
P34,2021,Oil,866.178
P34,2021,Solar,10.474
P35,2021,Oil,533.567
P35,2021,Hydro,2189.357
P36,2021,Oil,104.891
P40,2021,Oil,485.265
P46,2021,Oil,1330.93
P47,2021,Oil,41601.5
P47,2021,Wind,1340.568
P48,2021,Oil,1321.128
P49,2021,Oil,1794.79
P49,2021,Wind,842.517
P50,2021,Oil,1371.323
P51,2021,Oil,5355.709
P51,2021,Wind,563.277
P52,2021,Oil,2212.888
P52,2021,Wind,36.669
P53,2021,Oil,3312.447
P53,2021,Wind,346.953
P54,2021,Oil,2467.031
P54,2021,Wind,322.363
P55,2021,Oil,1715.15
P56,2021,Oil,1873.521
P57,2021,Oil,2178.55
P58,2021,Oil,1286.827
P59,2021,Oil,1564.778
P61,2021,Oil,1921.708
P62,2021,Oil,1852.771
P63,2021,Oil,1963.121
P63,2021,Solar,12.542
P65,2021,Oil,1876.637
P66,2021,Oil,1779.458
P66,2021,Wind,561.295
P67,2021,Oil,3649.804
P67,2021,Wind,2060.478
P68,2021,Oil,2472.677
P68,2021,Wind,54.958
P69,2021,Oil,1710.611
P70,2021,Oil,2859.981
P71,2021,Oil,1851.293
P72,2021,Oil,1633.688
P72,2021,Solar,16.302
P74,2021,Oil,3563.795
P75,2021,Oil,3271.28
P76,2021,Oil,3270.301
P76,2021,Wind,445.888
P77,2021,Oil,1545.265
P78,2021,Oil,6506.565
P79,2021,Oil,400.1
P80,2021,Oil,1221.074
P82,2021,Oil,779.871
P83,2021,Oil,611.708
P84,2021,Oil,576.337
P85,2021,Oil,1106.171
P86,2021,Oil,670.656
P86,2021,Solar,6.636
P87,2021,Oil,920.319
P87,2021,Wind,4.24
P88,2021,Oil,768.323
P90,2021,Oil,1070.917
P91,2021,Oil,808.805
P93,2021,Oil,951.299
P94,2021,Oil,434.028
P95,2021,Oil,816.603
P95,2021,Wind,292.818
P96,2021,Oil,873.107
P98,2021,Oil,660.928
P100,2021,Oil,206.794
,2021,Oil,1.479
,2021,Gas,2250.521
P102,2021,Hydro,139994.0
P103,2021,Gas,761372.0
P105,2021,Oil,2670.9
P106,2021,Oil,466.567
P107,2021,Oil,57.14
P107,2021,Hydro,310.0
P108,2021,Oil,1112.585
P109,2021,Coal,177115.0
P110,2021,Oil,1.139
P110,2021,Gas,47329.861
P111,2021,Oil,91.3
,2021,Oil,81.952
P113,2021,Oil,1695.8
P113,2021,Wind,239.392
P114,2021,Oil,50.67
P115,2021,Oil,218.882
P116,2021,Oil,513.656
P116,2021,Hydro,18.35
P117,2021,Oil,190.13
P116,2021,Oil,665.795
P119,2021,Oil,431.156
P120,2021,Gas,2049.0
P121,2021,Hydro,36381.0
P123,2021,Gas,1041694.0
P124,2021,Oil,421.562
P125,2021,Oil,413.43
P126,2021,Hydro,17551.0
P127,2021,Oil,8490.0
P128,2021,Hydro,41182.0
P129,2021,Oil,3642.0
P130,2021,Oil,25547.0
P132,2021,Hydro,3248.0
P133,2021,Oil,8065.0
P134,2021,Hydro,15433.0
P135,2021,Oil,398.436
P136,2021,Oil,59.78
P137,2021,Coal,65058.0
P138,2021,Gas,38093.0
P139,2021,Oil,647.868
,2021,Oil,374.821
,2021,Oil,661.652
P142,2021,Wind,41759.0
,2021,Oil,2425.3
P144,2021,Oil,5360.972
P145,2021,Oil,460.249
P148,2021,Wind,56648.0
P149,2021,Oil,9024.0
P150,2021,Oil,7531.203
P150,2021,Coal,366441.797
P151,2021,Oil,464977.0
P152,2021,Solar,360.0
P153,2021,Oil,949.804
P154,2021,Oil,2546.104
P155,2021,Gas,785.0
P156,2021,Hydro,391018.0
P157,2021,Gas,399354.0
P158,2021,Oil,224.0
P159,2021,Gas,33121.0
P160,2021,Oil,537.326
P161,2021,Oil,339.561
P161,2021,Hydro,0.865
P162,2021,Oil,159.79
P162,2021,Hydro,3674.14
P163,2021,Oil,1822.265
P164,2021,Oil,3512.594
P164,2021,Hydro,1488.258
P165,2021,Oil,1453.639
P165,2021,Hydro,854.744
P166,2021,Hydro,166.08
P169,2021,Oil,679.158
P169,2021,Wind,60.668
P169,2021,Solar,42.956
P171,2021,Hydro,48192.0
P172,2021,Hydro,23221.0
P174,2021,Hydro,14462.0
P175,2021,Hydro,81117.0
P176,2021,Hydro,10841.0
P177,2021,Oil,846.0
P177,2021,Hydro,3483.0
P178,2021,Oil,1345.098
P178,2021,Wind,672.354
P184,2021,Wind,25238.0
P186,2021,Oil,4.0
P187,2021,Hydro,132333.0
P188,2021,Oil,498.7
P188,2021,Wind,18.142
P189,2021,Oil,18343.458
P189,2021,Wind,2583.924
P189,2021,Solar,594.163
P190,2021,Oil,192.954
P191,2021,Oil,1800.538
P192,2021,Oil,1143.82
P192,2021,Wind,69.737
P194,2021,Oil,458.71
,2021,Oil,3.859
P196,2021,Oil,590.564
P197,2021,Gas,678552.0
P198,2021,Oil,2160.161
P199,2021,Oil,760.0
P200,2021,Hydro,3601.0
P201,2021,Hydro,13956.0
P202,2021,Oil,272.217
P203,2021,Oil,290.727
,2021,Oil,77.713
P205,2021,Oil,295.127
P206,2021,Oil,135.798
P207,2021,Oil,24328.964
P209,2021,Oil,1128.606
P210,2021,Oil,1184.104
P212,2021,Oil,303.655
P213,2021,Oil,690.707
P214,2021,Oil,432.965
P215,2021,Oil,30208.678
P215,2021,Wind,2026.204
P216,2021,Oil,4260.0
P217,2021,Oil,2161.0
P218,2021,Oil,4655.922
P219,2021,Oil,2663.882
P219,2021,Gas,4665.118
P220,2021,Oil,6468.0
P221,2021,Oil,3385.903
P222,2021,Oil,7342.938
P223,2021,Oil,869.134
P224,2021,Oil,19099.986
P225,2021,Oil,668.29
P227,2021,Oil,209.359
P228,2021,Oil,420.0
P228,2021,Hydro,881.0
P229,2021,Oil,863.38
P229,2021,Hydro,13520.0
P230,2021,Oil,462.36
P232,2021,Oil,621.926
P233,2021,Oil,816.76
P233,2021,Wind,632.359
P234,2021,Oil,122.73
P235,2021,Solar,1217.0
P236,2021,Oil,679.361
P237,2021,Oil,478.382
P238,2021,Oil,3305.16
P67,2021,Oil,335.0
P240,2021,Hydro,77838.0
P241,2021,Hydro,41550.0
P244,2021,Hydro,88071.0
P247,2021,Oil,60.65
P248,2021,Oil,934.426
P249,2021,Oil,1248.425
,2021,Oil,426.589
,2021,Oil,1845.95
P252,2021,Oil,3595.57
P253,2021,Oil,598.808
P254,2021,Gas,49695.0
P256,2021,Oil,414.766
P257,2021,Gas,64878.0
P259,2021,Oil,1217.217
P259,2021,Wind,46.788
,2021,Oil,95.368
P262,2021,Oil,3556.16
P262,2021,Wind,682.343
P263,2021,Oil,45654.0
P264,2021,Oil,1143.0
P265,2021,Oil,281.052
P266,2021,Oil,29139.0
P267,2021,Oil,348.873
P267,2021,Gas,3.471
P267,2021,Coal,70619.656
P268,2021,Oil,292.0
P268,2021,Coal,73660.0
P270,2021,Oil,344.7
P271,2021,Oil,16291.0
P272,2021,Oil,891.807
P273,2021,Oil,520.0
,2021,Oil,8392.122
,2021,Hydro,19077.682
P267,2011,Coal,51303.62
P267,2012,Coal,46073.82
P267,2013,Coal,39249.2
P137,2011,Coal,143877.91
P137,2012,Coal,149725.18
P137,2013,Coal,135054.67
P268,2011,Coal,74114.0
P268,2012,Coal,72445.0
P268,2013,Coal,71410.0
P219,2011,Oil,1753.54
P219,2011,Gas,1475.46
P219,2012,Oil,2047.18
P219,2012,Gas,1416.82
P219,2013,Oil,1235.85
P219,2013,Gas,4688.14
P254,2012,Gas,35559.0
P255,2012,Gas,35559.0
P254,2013,Gas,60500.0
P255,2013,Gas,10677.0
P254,2011,Oil,181.8623355
P254,2011,Gas,60377.31766
