intertie_id,year,generation_mwh,renewable_generation_mwh,ratio_renewable_generation
001-0000,2013,69.0,0.0,0.0
001-0000,2014,252.263,0.0,0.0
001-0000,2015,257.111,0.0,0.0
001-0000,2016,312.066,0.0,0.0
001-0000,2017,272.273,0.0,0.0
001-0000,2018,275.529,0.0,0.0
001-0000,2019,249.42,0.0,0.0
001-0000,2020,250.903,0.0,0.0
001-0000,2021,286.831,0.0,0.0
002-0000,2011,1851.534,0.0,0.0
002-0000,2012,1928.0,0.0,0.0
002-0000,2013,1873.0,0.0,0.0
002-0000,2014,1871.996,0.0,0.0
002-0000,2015,1951.908,0.0,0.0
002-0000,2016,1971.032,0.0,0.0
002-0000,2017,1945.101,0.0,0.0
002-0000,2018,1919.966,0.0,0.0
002-0000,2019,1733.814,0.0,0.0
002-0000,2020,1910.344,0.0,0.0
002-0000,2021,2003.701,0.0,0.0
003-0000,2011,1029.531,0.0,0.0
003-0000,2012,1182.0,0.0,0.0
003-0000,2013,1146.0,0.0,0.0
003-0000,2014,1204.634,0.0,0.0
003-0000,2015,1067.311,0.0,0.0
003-0000,2016,1133.561,0.0,0.0
003-0000,2017,1203.404,0.0,0.0
003-0000,2018,1202.145,0.0,0.0
003-0000,2019,929.501,0.0,0.0
003-0000,2020,997.522,0.0,0.0
003-0000,2021,224.694,0.0,0.0
004-0000,2011,531.6816,42.111,0.0792034179855011
004-0000,2012,685.0,365.0,0.5328467153284672
004-0000,2013,586.0,86.0,0.14675767918088736
004-0000,2014,661.252,0.0,0.0
004-0000,2015,287.314,2.142,0.007455258010399771
004-0000,2016,576.366,112.431,0.1950687583931044
004-0000,2017,560.755,114.539,0.20425854428404563
004-0000,2018,640.9970000000001,102.201,0.1594406838097526
004-0000,2019,642.184,0.002,3.1143722048509464e-06
004-0000,2020,471.358,28.072,0.05955558195681414
004-0000,2021,683.5419999999999,168.137,0.24597903274414742
005-0000,2011,655.368,0.0,0.0
005-0000,2012,690.0,0.0,0.0
005-0000,2013,697.0,0.0,0.0
005-0000,2014,634.584,0.0,0.0
005-0000,2015,596.952,0.0,0.0
005-0000,2016,589.679,0.0,0.0
005-0000,2017,618.048,0.0,0.0
005-0000,2018,593.712,0.0,0.0
005-0000,2019,611.182,0.0,0.0
005-0000,2020,667.394,0.0,0.0
005-0000,2021,662.064,0.0,0.0
007-0000,2011,573.845,0.0,0.0
007-0000,2012,582.0,0.0,0.0
007-0000,2013,573.0,0.0,0.0
007-0000,2014,557.697,0.0,0.0
007-0000,2015,537.3,0.0,0.0
007-0000,2016,519.4,0.0,0.0
007-0000,2017,545.2,0.0,0.0
007-0000,2018,538.3,0.0,0.0
007-0000,2019,475.7,0.0,0.0
007-0000,2020,489.1,0.0,0.0
007-0000,2021,517.5,0.0,0.0
009-0000,2011,749.742,0.0,0.0
009-0000,2012,769.0,0.0,0.0
009-0000,2013,718.0,0.0,0.0
009-0000,2014,663.28,0.0,0.0
009-0000,2015,719.785,8.779,0.012196697624985238
009-0000,2016,768.751,23.951,0.031155731829942336
009-0000,2017,820.92,25.06,0.03052672611216684
009-0000,2018,843.063,24.343,0.02887447320069793
009-0000,2019,830.693,23.573,0.028377511306824543
009-0000,2020,875.467,26.427,0.03018617492149904
009-0000,2021,876.652,10.474,0.011947728403060735
011-0000,2011,83.3,0.0,0.0
011-0000,2012,77.0,0.0,0.0
011-0000,2013,34.0,0.0,0.0
011-0000,2014,26.304,0.0,0.0
011-0000,2015,6.863,0.0,0.0
011-0000,2017,54.22427,0.0,0.0
011-0000,2018,47.709,0.0,0.0
011-0000,2019,68.007,0.0,0.0
011-0000,2020,85.861,0.0,0.0
011-0000,2021,104.891,0.0,0.0
012-0000,2011,1286.0,0.0,0.0
012-0000,2012,1270.0,0.0,0.0
012-0000,2013,1236.0,0.0,0.0
012-0000,2014,1169.6,0.0,0.0
012-0000,2015,1156.8,0.0,0.0
012-0000,2016,1124.801,0.0,0.0
012-0000,2017,1159.999,0.0,0.0
012-0000,2018,1116.799,0.0,0.0
012-0000,2019,1041.601,0.0,0.0
012-0000,2020,1102.4,0.0,0.0
012-0000,2021,1096.0,0.0,0.0
014-1990,2011,25827.928,16759.928,0.6489071829532744
014-1990,2012,27560.0,16774.0,0.6086357039187228
014-1990,2013,28370.0,19284.0,0.6797321113852661
014-1990,2014,27195.0,19625.0,0.7216400073542931
014-1990,2015,28601.0,20862.0,0.7294150554176427
014-1990,2016,24871.0,19282.0,0.7752804471070724
014-1990,2017,27848.0,19189.0,0.6890620511347314
014-1990,2018,25459.0,18438.0,0.7242232609293374
014-1990,2019,25915.0,19778.0,0.7631873432375073
014-1990,2020,49735.497,33779.937000000005,0.679191704870266
014-1990,2021,54215.804000000004,37758.682,0.6964515734194405
015-2008,2011,10400.0,0.0,0.0
015-2008,2012,10151.0,0.0,0.0
015-2008,2013,9753.0,0.0,0.0
015-2008,2014,9012.12,0.0,0.0
015-2008,2015,9257.72,0.0,0.0
015-2008,2016,9366.719,0.0,0.0
015-2008,2017,9386.447,0.0,0.0
015-2008,2018,9383.041,0.0,0.0
015-2008,2019,9343.4,0.0,0.0
015-2008,2020,9987.44,0.0,0.0
015-2008,2021,10384.0,0.0,0.0
023-2015,2011,28903.491,23906.0,0.8270973219117372
023-2015,2012,28917.0,26111.0,0.9029636545976415
023-2015,2013,28741.0,25260.0,0.8788838245015831
023-2015,2014,28603.66,27020.0,0.9446343579807619
023-2015,2015,29124.62164,27059.0,0.9290764472228179
023-2015,2016,27207.938,26085.0,0.9587275595820602
023-2015,2017,28146.0,24983.0,0.8876216869182122
023-2015,2018,27580.0,22245.0,0.806562726613488
023-2015,2019,28567.0,24449.0,0.85584765638674
023-2015,2020,28699.0,27172.0,0.9467925711697271
023-2015,2021,30585.0,28933.0,0.9459865947359817
026-2011,2011,1387.566,0.0,0.0
026-2011,2012,1352.0,0.0,0.0
026-2011,2013,1320.0,0.0,0.0
026-2011,2014,1322.7440000000001,0.0,0.0
026-2011,2015,1350.54,0.0,0.0
026-2011,2016,1308.7259999999999,0.0,0.0
026-2011,2017,1411.332,0.0,0.0
026-2011,2018,1377.214,0.0,0.0
026-2011,2019,1396.263,0.0,0.0
026-2011,2020,1392.465,0.0,0.0
026-2011,2021,1424.009,0.0,0.0
032-1998,2011,27259.66,26979.66,0.9897284118730755
032-1998,2012,27603.0,27603.0,1.0
032-1998,2013,28110.0,27078.0,0.9632870864461046
032-1998,2014,25053.869,24782.42,0.989165385992878
032-1998,2015,25774.04,25470.54,0.9882245856683702
032-1998,2016,25446.623,25131.5,0.9876163135674231
032-1998,2017,27540.379,26478.54,0.9614442851349286
032-1998,2018,29932.556,28397.760000000002,0.9487248599818874
032-1998,2019,29603.068,28977.068,0.9788535431530272
032-1998,2020,25528.659,23974.515,0.9391215966338067
032-1998,2021,26915.656,24042.477,0.8932524995861145
034-1988,2011,41800.0,0.0,0.0
034-1988,2012,44177.0,0.0,0.0
034-1988,2013,42620.0,0.0,0.0
034-1988,2014,11382.4,0.0,0.0
034-1988,2015,42481.8,0.0,0.0
034-1988,2016,41975.0,0.0,0.0
034-1988,2017,42044.0,0.0,0.0
034-1988,2018,42027.027,212.732,0.0050617903569529195
034-1988,2019,43404.784,1121.743,0.02584376413438666
034-1988,2020,43743.675,1346.765,0.03078765101468955
034-1988,2021,42942.068,1340.568,0.03121805871109887
035-0000,2011,1277.774,0.0,0.0
035-0000,2012,1312.0,0.0,0.0
035-0000,2013,1257.0,0.0,0.0
035-0000,2014,1234.382,0.0,0.0
035-0000,2015,1492.79,0.0,0.0
035-0000,2016,1338.498,0.0,0.0
035-0000,2017,1302.225,0.0,0.0
035-0000,2018,1234.807,0.0,0.0
035-0000,2019,1176.0,0.0,0.0
035-0000,2020,1246.482,0.0,0.0
035-0000,2021,1330.93,0.0,0.0
036-0000,2011,405.42,0.0,0.0
036-0000,2012,417.0,0.0,0.0
036-0000,2013,419.0,0.0,0.0
036-0000,2014,410.482,0.0,0.0
036-0000,2015,430.561,0.0,0.0
036-0000,2016,425.774,0.0,0.0
036-0000,2017,402.087,0.0,0.0
036-0000,2018,406.776,0.0,0.0
036-0000,2019,413.962,0.0,0.0
036-0000,2020,398.054,0.0,0.0
036-0000,2021,400.1,0.0,0.0
039-0000,2011,1176.332,0.0,0.0
039-0000,2012,1185.0,0.0,0.0
039-0000,2013,1115.0,0.0,0.0
039-0000,2014,1101.112,0.0,0.0
039-0000,2015,1143.206,0.0,0.0
039-0000,2016,1179.566,0.0,0.0
039-0000,2017,1188.819,0.0,0.0
039-0000,2018,1199.979,0.0,0.0
039-0000,2019,1188.0,0.0,0.0
039-0000,2020,1292.448,0.0,0.0
039-0000,2021,1321.128,0.0,0.0
040-0000,2011,2398.896,741.629,0.3091542943087153
040-0000,2012,2589.0,822.0,0.3174971031286211
040-0000,2013,2515.0,803.0,0.3192842942345924
040-0000,2014,2510.521,829.138,0.3302653114632381
040-0000,2015,2576.254,922.659,0.3581397641692162
040-0000,2016,2545.96,734.708,0.28857798237207183
040-0000,2017,2606.569,599.473,0.22998547132264674
040-0000,2018,2511.974,736.898,0.2933541509585688
040-0000,2019,2481.569,730.81,0.29449513594020554
040-0000,2020,2564.319,739.255,0.2882851158533708
040-0000,2021,2637.307,842.517,0.31946110179816006
041-0000,2011,800.578,0.0,0.0
041-0000,2012,818.0,0.0,0.0
041-0000,2013,829.0,0.0,0.0
041-0000,2014,850.501,0.0,0.0
041-0000,2015,879.54,0.0,0.0
041-0000,2016,953.693,0.0,0.0
041-0000,2017,923.61,0.0,0.0
041-0000,2018,961.739,0.0,0.0
041-0000,2019,986.257,0.0,0.0
041-0000,2020,1060.417,0.0,0.0
041-0000,2021,1221.074,0.0,0.0
043-0000,2011,1159.445,0.0,0.0
043-0000,2012,1182.0,0.0,0.0
043-0000,2013,1190.0,0.0,0.0
043-0000,2014,1215.857,0.0,0.0
043-0000,2015,1263.825,0.0,0.0
043-0000,2016,1294.366,0.0,0.0
043-0000,2017,1284.955,0.0,0.0
043-0000,2018,1333.804,0.0,0.0
043-0000,2019,1293.673,0.0,0.0
043-0000,2020,1273.416,0.0,0.0
043-0000,2021,1371.323,0.0,0.0
045-0000,2011,3170.209,80.325,0.025337446206228045
045-0000,2012,3370.0,504.0,0.14955489614243322
045-0000,2013,3703.0,516.0,0.13934647583040777
045-0000,2014,3981.969,506.189,0.12712027642605958
045-0000,2015,3917.837,337.661,0.08618556616827092
045-0000,2016,4749.902,741.977,0.15620890704692433
045-0000,2017,5723.202,379.232,0.06626220776411526
045-0000,2018,5832.614,394.718,0.06767428806363665
045-0000,2019,5965.0,500.673,0.08393512154233027
045-0000,2020,5574.294999999999,513.132,0.09205325516500293
045-0000,2021,5918.986,563.277,0.09516444201760235
046-0000,2011,1883.085,387.204,0.20562215725790392
046-0000,2012,1918.0,453.0,0.23618352450469238
046-0000,2013,1936.0,482.0,0.24896694214876033
046-0000,2014,1984.361,422.778,0.21305498344303278
046-0000,2015,1951.509,535.705,0.2745080857941214
046-0000,2016,2007.7359999999999,684.108,0.34073603302426214
046-0000,2017,1985.2949999999998,570.108,0.2871653834820518
046-0000,2018,1981.4199999999998,475.56,0.2400096900202885
046-0000,2019,1996.1490000000001,269.921,0.13522086778091214
046-0000,2020,1969.19,329.483,0.16731904996470628
046-0000,2021,2249.557,36.669,0.016300542729079548
047-0000,2011,773.073,0.0,0.0
047-0000,2012,830.0,0.0,0.0
047-0000,2013,727.0,0.0,0.0
047-0000,2014,686.252,0.0,0.0
047-0000,2015,680.65,0.0,0.0
047-0000,2016,682.065,0.0,0.0
047-0000,2017,723.318,0.0,0.0
047-0000,2018,740.611,0.0,0.0
047-0000,2019,728.48,0.0,0.0
047-0000,2020,752.054,0.0,0.0
047-0000,2021,779.871,0.0,0.0
048-0000,2011,569.047,0.0,0.0
048-0000,2012,563.0,0.0,0.0
048-0000,2013,576.0,0.0,0.0
048-0000,2014,592.948,0.0,0.0
048-0000,2015,609.336,0.0,0.0
048-0000,2016,624.019,0.0,0.0
048-0000,2017,621.474,0.0,0.0
048-0000,2018,655.079,0.0,0.0
048-0000,2019,654.537,0.0,0.0
048-0000,2020,653.196,0.0,0.0
048-0000,2021,611.708,0.0,0.0
049-0000,2011,594.372,0.0,0.0
049-0000,2012,617.0,0.0,0.0
049-0000,2013,630.0,0.0,0.0
049-0000,2014,627.226,0.0,0.0
049-0000,2015,604.756,0.0,0.0
049-0000,2016,595.4,0.0,0.0
049-0000,2017,632.703,0.0,0.0
049-0000,2018,605.537,0.0,0.0
049-0000,2019,575.081,0.0,0.0
049-0000,2020,590.214,0.0,0.0
049-0000,2021,576.337,0.0,0.0
050-0000,2011,3254.564,543.096,0.1668721217342784
050-0000,2012,3377.0,637.0,0.1886289606159313
050-0000,2013,3248.0,563.0,0.17333743842364532
050-0000,2014,3227.606,375.806,0.11643490562354883
050-0000,2015,3289.873,499.906,0.15195297812407957
050-0000,2016,3427.295,544.41,0.1588453868137992
050-0000,2017,3466.732,465.922,0.1343980440368624
050-0000,2018,3415.6760000000004,568.537,0.1664493353585059
050-0000,2019,3425.782,288.81,0.08430483901193946
050-0000,2020,3554.422,277.909,0.0781868331897563
050-0000,2021,3659.4,346.953,0.0948114444990982
051-0000,2011,1005.8,0.0,0.0
051-0000,2012,1033.0,0.0,0.0
051-0000,2013,977.0,0.0,0.0
051-0000,2014,955.386,0.0,0.0
051-0000,2015,1021.094,0.0,0.0
051-0000,2016,1032.859,0.0,0.0
051-0000,2017,1084.699,0.0,0.0
051-0000,2018,1131.645,0.0,0.0
051-0000,2019,1028.383,0.0,0.0
051-0000,2020,1037.808,0.0,0.0
051-0000,2021,1106.171,0.0,0.0
052-2005,2011,1472.206,0.0,0.0
052-2005,2012,1411.0,0.0,0.0
052-2005,2013,1327.0,0.0,0.0
052-2005,2014,1324.101,0.0,0.0
052-2005,2015,1393.635,0.0,0.0
052-2005,2016,1481.98,0.0,0.0
052-2005,2017,1554.656,0.0,0.0
052-2005,2018,1570.604,0.0,0.0
052-2005,2019,1535.661,0.0,0.0
052-2005,2020,1587.179,0.0,0.0
052-2005,2021,1545.265,0.0,0.0
054-0000,2011,727.038,0.0,0.0
054-0000,2012,753.0,0.0,0.0
054-0000,2013,717.0,0.0,0.0
054-0000,2014,708.712,8.649,0.012203828917811466
054-0000,2015,640.414,8.173,0.012762057044349438
054-0000,2016,599.8240000000001,7.316,0.012196911093920881
054-0000,2017,698.923,7.556,0.010810919085507274
054-0000,2018,710.627,0.044,6.191715203615962e-05
054-0000,2019,625.436,0.08,0.00012791076944723362
054-0000,2020,657.693,7.251,0.01102490067554315
054-0000,2021,677.2919999999999,6.636,0.00979784199429493
055-0000,2011,2783.27,496.85,0.17851304400938464
055-0000,2012,3009.0,517.0,0.17181787969425058
055-0000,2013,2973.0,562.0,0.18903464513958965
055-0000,2014,3098.297,390.042,0.1258891578179884
055-0000,2015,3128.003,378.784,0.12109451301677139
055-0000,2016,3073.884,579.794,0.18861934933133456
055-0000,2017,3078.249,379.604,0.12331815912228024
055-0000,2018,2992.741,397.908,0.1329577133470621
055-0000,2019,2974.777,276.88,0.09307588434359954
055-0000,2020,3077.748,396.545,0.1288425823036844
055-0000,2021,2789.394,322.363,0.1155673956422076
057-0000,2011,1511.732,0.0,0.0
057-0000,2012,1500.0,0.0,0.0
057-0000,2013,1525.0,0.0,0.0
057-0000,2014,1554.2,0.0,0.0
057-0000,2015,1617.644,0.0,0.0
057-0000,2016,1578.772,0.0,0.0
057-0000,2017,1615.844,0.0,0.0
057-0000,2018,1668.503,0.0,0.0
057-0000,2019,1667.736,0.0,0.0
057-0000,2020,1662.203,0.0,0.0
057-0000,2021,1715.15,0.0,0.0
058-0000,2011,1212.085,0.0,0.0
058-0000,2012,1208.0,0.0,0.0
058-0000,2013,1267.0,0.0,0.0
058-0000,2014,1220.661,0.0,0.0
058-0000,2015,1214.445,0.0,0.0
058-0000,2016,1322.266,0.0,0.0
058-0000,2017,1326.219,0.0,0.0
058-0000,2018,1295.253,0.0,0.0
058-0000,2019,1678.719,0.0,0.0
058-0000,2020,1830.596,0.0,0.0
058-0000,2021,1873.521,0.0,0.0
059-0000,2011,1966.457,0.0,0.0
059-0000,2012,2034.0,0.0,0.0
059-0000,2013,1966.0,0.0,0.0
059-0000,2014,1966.084,0.0,0.0
059-0000,2015,2010.883,0.0,0.0
059-0000,2016,1972.116,0.0,0.0
059-0000,2017,1942.266,0.0,0.0
059-0000,2018,1968.763,0.0,0.0
059-0000,2019,2010.362,0.0,0.0
059-0000,2020,2063.624,0.0,0.0
059-0000,2021,2178.55,0.0,0.0
060-0000,2011,1315.918,0.0,0.0
060-0000,2012,1324.0,0.0,0.0
060-0000,2013,1302.0,0.0,0.0
060-0000,2014,1260.36,0.0,0.0
060-0000,2015,1252.986,0.0,0.0
060-0000,2016,1303.487,0.0,0.0
060-0000,2017,1321.193,0.0,0.0
060-0000,2018,1307.009,0.0,0.0
060-0000,2019,1267.364,0.0,0.0
060-0000,2020,1263.899,0.0,0.0
060-0000,2021,1286.827,0.0,0.0
061-0000,2011,1644.176,0.0,0.0
061-0000,2012,1627.0,0.0,0.0
061-0000,2013,1585.0,0.0,0.0
061-0000,2014,1518.762,0.0,0.0
061-0000,2015,1506.366,0.0,0.0
061-0000,2016,1508.929,0.0,0.0
061-0000,2017,1471.29,0.0,0.0
061-0000,2018,1502.128,0.0,0.0
061-0000,2019,1422.0,0.0,0.0
061-0000,2020,1491.798,0.0,0.0
061-0000,2021,1564.778,0.0,0.0
062-0000,2011,947.537,238.706,0.25192261621445916
062-0000,2012,959.0,184.0,0.19186652763295098
062-0000,2013,915.0,233.0,0.2546448087431694
062-0000,2014,984.579,231.822,0.23545291947116484
062-0000,2015,952.971,199.021,0.20884266152904965
062-0000,2016,945.2170000000001,117.868,0.12469940764924878
062-0000,2017,932.361,145.271,0.1558098204450851
062-0000,2018,909.696,135.193,0.14861338293232026
062-0000,2019,860.77,60.649,0.07045900763270095
062-0000,2020,897.087,33.954,0.037849171819455636
062-0000,2021,924.559,4.24,0.0045859701760515015
063-0000,2011,652.663,0.0,0.0
063-0000,2012,652.0,0.0,0.0
063-0000,2013,606.0,0.0,0.0
063-0000,2014,614.149,0.0,0.0
063-0000,2015,663.715,0.0,0.0
063-0000,2016,665.416,0.0,0.0
063-0000,2017,632.512,0.0,0.0
063-0000,2018,623.494,0.0,0.0
063-0000,2019,654.595,0.0,0.0
063-0000,2020,686.371,0.0,0.0
063-0000,2021,768.323,0.0,0.0
065-0000,2011,1466.378,0.0,0.0
065-0000,2012,1443.0,0.0,0.0
065-0000,2013,1390.0,0.0,0.0
065-0000,2014,1373.098,0.0,0.0
065-0000,2015,1384.652,0.0,0.0
065-0000,2016,1377.62,0.0,0.0
065-0000,2017,1724.326,0.0,0.0
065-0000,2018,1832.28,0.0,0.0
065-0000,2019,1825.185,0.0,0.0
065-0000,2020,1887.222,0.0,0.0
065-0000,2021,1921.708,0.0,0.0
066-0000,2011,1800.64,0.0,0.0
066-0000,2012,1864.0,0.0,0.0
066-0000,2013,1874.0,0.0,0.0
066-0000,2014,1791.85,0.0,0.0
066-0000,2015,1837.843,0.0,0.0
066-0000,2016,1852.883,0.0,0.0
066-0000,2017,1860.923,0.0,0.0
066-0000,2018,1941.352,0.0,0.0
066-0000,2019,1864.849,0.0,0.0
066-0000,2020,1870.753,0.0,0.0
066-0000,2021,1852.771,0.0,0.0
067-0000,2011,2001.474,0.0,0.0
067-0000,2012,2003.0,0.0,0.0
067-0000,2013,1925.0,0.0,0.0
067-0000,2014,1863.79,0.0,0.0
067-0000,2015,1976.306,0.0,0.0
067-0000,2016,1893.38,0.0,0.0
067-0000,2017,1948.724,15.576,0.00799292254829314
067-0000,2018,2012.354,11.499,0.005714203365809395
067-0000,2019,1981.654,8.577,0.00432820260247248
067-0000,2020,1969.09,12.355,0.006274471964206817
067-0000,2021,1975.663,12.542,0.006348248663866256
068-0000,2011,1110.214,0.0,0.0
068-0000,2012,1064.0,0.0,0.0
068-0000,2013,1038.0,0.0,0.0
068-0000,2014,1002.902,0.0,0.0
068-0000,2015,985.13,0.0,0.0
068-0000,2016,1046.427,0.0,0.0
068-0000,2017,1037.729,0.0,0.0
068-0000,2018,975.183,0.0,0.0
068-0000,2019,1000.495,0.0,0.0
068-0000,2020,1054.759,0.0,0.0
068-0000,2021,1070.917,0.0,0.0
069-0000,2011,788.019,0.0,0.0
069-0000,2012,853.0,0.0,0.0
069-0000,2013,831.0,0.0,0.0
069-0000,2014,850.111,0.0,0.0
069-0000,2015,835.282,0.0,0.0
069-0000,2016,869.528,0.0,0.0
069-0000,2017,862.4,0.0,0.0
069-0000,2018,809.976,0.0,0.0
069-0000,2019,759.839,0.0,0.0
069-0000,2020,800.502,0.0,0.0
069-0000,2021,808.805,0.0,0.0
070-0000,2011,1750.671,0.0,0.0
070-0000,2012,1814.0,0.0,0.0
070-0000,2013,1805.0,0.0,0.0
070-0000,2014,1721.899,0.0,0.0
070-0000,2015,1809.641,0.0,0.0
070-0000,2016,1974.124,0.0,0.0
070-0000,2017,2018.359,0.0,0.0
070-0000,2018,1824.956,0.0,0.0
070-0000,2019,1802.533,0.0,0.0
070-0000,2020,1824.236,0.0,0.0
070-0000,2021,1876.637,0.0,0.0
071-0000,2011,1824.405,409.24,0.22431422847448895
071-0000,2012,1917.0,536.0,0.279603547209181
071-0000,2013,2021.0,568.0,0.281048985650668
071-0000,2014,2130.527,425.341,0.19964121553024206
071-0000,2015,2239.309,485.175,0.21666281875346366
071-0000,2016,2220.253,694.313,0.3127179650247066
071-0000,2017,2280.578,538.548,0.23614539822799308
071-0000,2018,2159.919,551.549,0.2553563351218263
071-0000,2019,2192.4759999999997,628.001,0.2864346063537298
071-0000,2020,2274.859,371.809,0.16344265732513533
071-0000,2021,2340.753,561.295,0.23979249412475384
072-0000,2011,1123.786,0.0,0.0
072-0000,2012,1034.0,0.0,0.0
072-0000,2013,1019.0,0.0,0.0
072-0000,2014,1039.636,0.0,0.0
072-0000,2015,997.381,0.0,0.0
072-0000,2016,1023.124,0.0,0.0
072-0000,2017,994.656,0.0,0.0
072-0000,2018,1010.729,0.0,0.0
072-0000,2019,970.412,0.0,0.0
072-0000,2020,945.36,0.0,0.0
072-0000,2021,951.299,0.0,0.0
075-2020,2011,5969.3,0.0,0.0
075-2020,2012,6124.0,0.0,0.0
075-2020,2013,6069.0,0.0,0.0
075-2020,2014,5852.8060000000005,0.0,0.0
075-2020,2015,5955.323,0.0,0.0
075-2020,2016,5820.564,0.0,0.0
075-2020,2017,5795.889999999999,0.0,0.0
075-2020,2018,5844.812,0.0,0.0
075-2020,2019,4926.966,1112.314,0.2257604375593418
075-2020,2020,6430.665,1912.159,0.2973501185336198
075-2020,2021,4052.88,2060.478,0.5083984721975484
076-0000,2011,2113.5609999999997,359.924,0.1702926955976194
076-0000,2012,2146.0,242.0,0.11276794035414725
076-0000,2013,2156.0,353.0,0.1637291280148423
076-0000,2014,2190.312,268.771,0.12270900218781618
076-0000,2015,2179.374,258.538,0.11862947800606966
076-0000,2016,2338.771,180.963,0.07737525392610049
076-0000,2017,2319.428,110.783,0.04776306917050239
076-0000,2018,2244.541,125.398,0.055867992609624856
076-0000,2019,2309.051,80.989,0.03507458258825812
076-0000,2020,2377.476,57.261,0.024084785713925187
076-0000,2021,2527.635,54.958,0.021742854486506157
077-0000,2011,1735.552,0.0,0.0
077-0000,2012,1649.0,0.0,0.0
077-0000,2013,1674.0,0.0,0.0
077-0000,2014,1711.609,0.0,0.0
077-0000,2015,1671.054,0.0,0.0
077-0000,2016,1671.649,0.0,0.0
077-0000,2017,1688.073,0.0,0.0
077-0000,2018,1672.489,0.0,0.0
077-0000,2019,1643.411,0.0,0.0
077-0000,2020,1654.537,0.0,0.0
077-0000,2021,1710.611,0.0,0.0
078-0000,2011,2853.6620000000003,107.907,0.03781351820923431
078-0000,2012,3232.0,95.0,0.029393564356435642
078-0000,2013,2863.0,54.0,0.018861334264757248
078-0000,2014,2642.435,47.939,0.018141978894466657
078-0000,2015,2782.708,104.58,0.03758209628893869
078-0000,2016,2867.62,63.935,0.022295492429261897
078-0000,2017,2855.156,14.837,0.005196563690390297
078-0000,2018,2713.826,0.0,0.0
078-0000,2019,2558.41,0.0,0.0
078-0000,2020,2928.116,0.0,0.0
078-0000,2021,2859.981,0.0,0.0
079-0000,2011,369.015,0.0,0.0
079-0000,2012,359.0,0.0,0.0
079-0000,2013,376.0,0.0,0.0
079-0000,2014,380.435,0.0,0.0
079-0000,2015,386.457,0.0,0.0
079-0000,2016,399.0148889,0.0,0.0
079-0000,2017,422.726,0.0,0.0
079-0000,2018,403.281,0.0,0.0
079-0000,2019,414.287,0.0,0.0
079-0000,2020,426.422,0.0,0.0
079-0000,2021,434.028,0.0,0.0
080-0000,2011,903.921,0.082,9.071589220739423e-05
080-0000,2012,961.0,148.0,0.15400624349635797
080-0000,2013,1032.0,295.0,0.2858527131782946
080-0000,2014,1153.637,378.007,0.32766546149265324
080-0000,2015,1123.779,329.269,0.29300155991525023
080-0000,2016,1188.512,436.104,0.36693276971540884
080-0000,2017,1132.1660000000002,317.836,0.2807326840763633
080-0000,2018,1110.48,331.214,0.29826201282328363
080-0000,2019,1155.884,393.317,0.3402737644953992
080-0000,2020,1128.362,316.057,0.2801024848408578
080-0000,2021,1109.4209999999998,292.818,0.2639376755983527
081-0000,2011,1593.91,0.0,0.0
081-0000,2012,1600.0,0.0,0.0
081-0000,2013,1630.0,0.0,0.0
081-0000,2014,1651.186,0.0,0.0
081-0000,2015,1671.336,0.0,0.0
081-0000,2016,1684.446,0.0,0.0
081-0000,2017,1656.506,0.0,0.0
081-0000,2018,1642.816,0.0,0.0
081-0000,2019,1714.112,0.0,0.0
081-0000,2020,1803.318,0.0,0.0
081-0000,2021,1851.293,0.0,0.0
084-0000,2011,1354.235,0.0,0.0
084-0000,2012,1414.0,0.0,0.0
084-0000,2013,1517.0,0.0,0.0
084-0000,2014,1536.433,0.0,0.0
084-0000,2015,2219.982,0.0,0.0
084-0000,2016,3406.212,0.0,0.0
084-0000,2017,3473.896,0.0,0.0
084-0000,2018,3519.456,0.0,0.0
084-0000,2019,3456.195,0.0,0.0
084-0000,2020,3505.795,0.0,0.0
084-0000,2021,3563.795,0.0,0.0
084-2015,2011,1734.962,0.0,0.0
084-2015,2012,1798.0,0.0,0.0
084-2015,2013,1720.0,0.0,0.0
084-2015,2014,1748.687,0.0,0.0
084-2015,2015,1130.45,0.0,0.0
085-0000,2011,837.989,0.0,0.0
085-0000,2012,819.0,0.0,0.0
085-0000,2013,838.0,0.0,0.0
085-0000,2014,832.979,0.0,0.0
085-0000,2015,851.047,0.0,0.0
085-0000,2016,866.054,0.0,0.0
085-0000,2017,857.0953708,0.0,0.0
085-0000,2018,885.521,0.0,0.0
085-0000,2019,861.802,0.0,0.0
085-0000,2020,834.658,0.0,0.0
085-0000,2021,873.107,0.0,0.0
086-0000,2011,3044.756,0.0,0.0
086-0000,2012,3032.0,0.0,0.0
086-0000,2013,3008.0,0.0,0.0
086-0000,2014,3057.693,0.0,0.0
086-0000,2015,3002.202,0.0,0.0
086-0000,2016,3034.629,0.0,0.0
086-0000,2017,3071.161,0.0,0.0
086-0000,2018,3084.073,0.0,0.0
086-0000,2019,3012.627,0.0,0.0
086-0000,2020,2931.37,0.0,0.0
086-0000,2021,3271.28,0.0,0.0
088-2008,2011,3152.081,559.973,0.17765184333778222
088-2008,2012,3186.0,640.0,0.20087884494664154
088-2008,2013,3145.0,557.0,0.17710651828298887
088-2008,2014,3332.743,687.991,0.20643385943650622
088-2008,2015,3600.184,729.037,0.20249992778146894
088-2008,2016,3556.357,681.695,0.19168351208835335
088-2008,2017,3641.194,797.875,0.21912455090280825
088-2008,2018,3821.286,851.987,0.2229581873746168
088-2008,2019,3660.158,653.957,0.1786690629202346
088-2008,2020,3620.272,380.473,0.10509514202247787
088-2008,2021,3716.189,445.888,0.11998528600133093
090-0000,2011,582.095,0.0,0.0
090-0000,2012,585.0,0.0,0.0
090-0000,2013,609.0,0.0,0.0
090-0000,2014,639.124,0.0,0.0
090-0000,2015,622.391,0.0,0.0
090-0000,2016,656.062,0.0,0.0
090-0000,2017,645.986,0.0,0.0
090-0000,2018,656.88,0.0,0.0
090-0000,2019,638.865,0.0,0.0
090-0000,2020,658.066,0.0,0.0
090-0000,2021,660.928,0.0,0.0
091-0000,2011,6511.709,0.0,0.0
091-0000,2012,6133.0,0.0,0.0
091-0000,2013,6118.0,0.0,0.0
091-0000,2014,6161.54,0.0,0.0
091-0000,2015,5882.875,0.0,0.0
091-0000,2016,5943.629,0.0,0.0
091-0000,2017,2474.156,0.0,0.0
091-0000,2018,5829.114,0.0,0.0
091-0000,2019,5850.652,0.0,0.0
091-0000,2020,6083.545,0.0,0.0
091-0000,2021,6506.565,0.0,0.0
092-0000,2011,252.608,0.0,0.0
092-0000,2012,266.0,0.0,0.0
092-0000,2013,259.0,0.0,0.0
092-0000,2014,240.49,0.0,0.0
092-0000,2015,208.071,0.0,0.0
092-0000,2016,213.859,0.0,0.0
092-0000,2017,213.848,0.0,0.0
092-0000,2018,218.207,0.0,0.0
092-0000,2019,197.209,0.0,0.0
092-0000,2020,199.304,0.0,0.0
092-0000,2021,206.794,0.0,0.0
093-0000,2011,2618.598,0.0,0.0
093-0000,2012,2717.0,0.0,0.0
093-0000,2013,2548.0,0.0,0.0
093-0000,2014,2629.6,0.0,0.0
093-0000,2015,2673.8,0.0,0.0
093-0000,2016,2613.996,0.0,0.0
093-0000,2017,2604.1,0.0,0.0
093-0000,2018,2582.3,0.0,0.0
093-0000,2019,2466.81,0.0,0.0
093-0000,2020,2523.5,0.0,0.0
093-0000,2021,2670.9,0.0,0.0
094-0000,2013,517.0,0.0,0.0
094-0000,2014,528.768,0.0,0.0
094-0000,2015,479.8166139,0.0,0.0
094-0000,2016,526.9702296,0.0,0.0
094-0000,2017,540.438,0.0,0.0
094-0000,2018,479.774,0.0,0.0
094-0000,2019,556.813,0.0,0.0
094-0000,2020,635.369,0.0,0.0
094-0000,2021,466.567,0.0,0.0
095-0000,2011,444.322,0.0,0.0
095-0000,2012,410.0,6.0,0.014634146341463415
095-0000,2013,473.0,443.0,0.9365750528541226
095-0000,2014,516.455,276.175,0.5347513336108664
095-0000,2015,513.185,371.32,0.723559729921958
095-0000,2016,478.81600000000003,358.759,0.7492627648198891
095-0000,2017,472.1321,408.298,0.8647961026161958
095-0000,2018,417.343,361.062,0.8651444974517364
095-0000,2019,345.589,261.938,0.7579465781607632
095-0000,2020,352.873,285.258,0.8083871534518084
095-0000,2021,367.14,310.0,0.8443645475840279
096-0000,2011,796.814,0.0,0.0
096-0000,2012,741.0,0.0,0.0
096-0000,2013,718.0,0.0,0.0
096-0000,2014,655.181,0.0,0.0
096-0000,2015,692.7507094,0.0,0.0
096-0000,2016,724.5018889,0.0,0.0
096-0000,2017,560.928,0.0,0.0
096-0000,2018,609.759,0.0,0.0
096-0000,2019,287.729,0.0,0.0
096-0000,2020,944.928,0.0,0.0
096-0000,2021,1112.585,0.0,0.0
097-0000,2011,318.03,0.0,0.0
097-0000,2012,328.0,0.0,0.0
097-0000,2013,296.0,0.0,0.0
097-0000,2014,264.725,0.0,0.0
097-0000,2015,298.784,0.0,0.0
097-0000,2016,299.87852,0.0,0.0
097-0000,2017,295.06684,0.0,0.0
097-0000,2018,135.058,0.0,0.0
097-0000,2019,223.446,0.0,0.0
097-0000,2020,253.02,0.0,0.0
097-0000,2021,91.3,0.0,0.0
098-0000,2017,17.659,0.0,0.0
098-0000,2018,107.92,0.0,0.0
098-0000,2019,108.804,0.0,0.0
098-0000,2020,97.77,0.0,0.0
098-0000,2021,81.952,0.0,0.0
099-0000,2011,1592.204,0.0,0.0
099-0000,2012,1562.0,0.0,0.0
099-0000,2013,1750.0,0.0,0.0
099-0000,2014,1681.389,0.0,0.0
099-0000,2015,1807.411748,73.84,0.040854000247430064
099-0000,2016,1716.62,159.849,0.09311845370553763
099-0000,2017,1733.452,57.19,0.03299197208806474
099-0000,2018,1113.9560000000001,49.296,0.04425309437715672
099-0000,2019,1569.217,129.595,0.08258577366928856
099-0000,2020,1818.359,298.727,0.1642838405397394
099-0000,2021,1935.192,239.392,0.12370452130847999
100-0000,2011,304.165,0.0,0.0
100-0000,2012,290.0,0.0,0.0
100-0000,2013,361.0,0.0,0.0
100-0000,2014,273.641,0.0,0.0
100-0000,2015,126.93,0.0,0.0
100-0000,2016,163.91,0.0,0.0
100-0000,2017,317.77,0.0,0.0
100-0000,2018,289.2880905,0.0,0.0
100-0000,2019,208.33,0.0,0.0
100-0000,2020,283.05,0.0,0.0
100-0000,2021,50.67,0.0,0.0
101-0000,2011,308.276,0.0,0.0
101-0000,2012,298.0,0.0,0.0
101-0000,2013,269.0,0.0,0.0
101-0000,2014,258.105,0.0,0.0
101-0000,2015,247.922,0.0,0.0
101-0000,2016,269.07,0.0,0.0
101-0000,2017,268.078,0.0,0.0
101-0000,2018,246.47,0.0,0.0
101-0000,2019,160.833,0.0,0.0
101-0000,2020,115.076,0.0,0.0
101-0000,2021,218.882,0.0,0.0
102-0000,2011,687.3065,0.0,0.0
102-0000,2012,705.5,0.0,0.0
102-0000,2013,615.5,0.0,0.0
102-0000,2014,662.525,0.0,0.0
102-0000,2015,1051.6885,561.994,0.5343730581821519
102-0000,2016,1003.309,666.373,0.6641752441172162
102-0000,2017,732.0050288499999,214.163,0.2925703944089783
102-0000,2018,979.6827784,473.086,0.48289712795874135
102-0000,2019,798.1610000000001,430.863,0.5398196604444466
102-0000,2020,941.2305000000001,235.858,0.2505847398697768
102-0000,2021,608.0755,18.35,0.030177173722670952
103-0000,2011,199.043,0.0,0.0
103-0000,2012,381.0,0.0,0.0
103-0000,2013,384.0,0.0,0.0
103-0000,2014,385.239,0.0,0.0
103-0000,2015,370.636,0.0,0.0
103-0000,2016,356.58,0.0,0.0
103-0000,2017,345.722,0.0,0.0
103-0000,2018,312.851,0.0,0.0
103-0000,2019,316.378,0.0,0.0
103-0000,2020,315.79,0.0,0.0
103-0000,2021,190.13,0.0,0.0
105-0000,2011,519.236,0.0,0.0
105-0000,2012,529.0,0.0,0.0
105-0000,2013,459.0,0.0,0.0
105-0000,2014,463.244,0.0,0.0
105-0000,2015,468.762,0.0,0.0
105-0000,2016,444.582,0.0,0.0
105-0000,2017,433.979,0.0,0.0
105-0000,2018,436.327,0.0,0.0
105-0000,2019,425.685,0.0,0.0
105-0000,2020,421.494,0.0,0.0
105-0000,2021,431.156,0.0,0.0
106-0000,2011,389.51,0.0,0.0
106-0000,2012,394.0,0.0,0.0
106-0000,2013,408.0,0.0,0.0
106-0000,2014,389.24,0.0,0.0
106-0000,2015,371.92,0.0,0.0
106-0000,2016,363.36,0.0,0.0
106-0000,2017,382.96,0.0,0.0
106-0000,2018,389.8,0.0,0.0
106-0000,2019,386.8,0.0,0.0
106-0000,2020,409.804,0.0,0.0
106-0000,2021,421.562,0.0,0.0
107-0000,2014,60.32,0.0,0.0
107-0000,2015,249.44,0.0,0.0
107-0000,2016,224.96,0.0,0.0
107-0000,2017,291.44,0.0,0.0
107-0000,2018,296.0603442,0.0,0.0
107-0000,2019,314.4,0.0,0.0
107-0000,2020,336.394,0.0,0.0
107-0000,2021,413.43,0.0,0.0
110-0000,2011,438.7359,0.0,0.0
110-0000,2012,520.0,0.0,0.0
110-0000,2013,397.0,0.0,0.0
110-0000,2014,111.673,0.0,0.0
110-0000,2016,90.01,0.0,0.0
110-0000,2017,543.45848,0.0,0.0
110-0000,2018,224.6354658,0.0,0.0
110-0000,2020,306.343,0.0,0.0
110-0000,2021,398.436,0.0,0.0
111-0000,2011,281.745,0.0,0.0
111-0000,2012,608.0,0.0,0.0
111-0000,2013,603.0,0.0,0.0
111-0000,2014,674.02,0.0,0.0
111-0000,2015,642.311,0.0,0.0
111-0000,2016,542.53,0.0,0.0
111-0000,2017,586.159,0.0,0.0
111-0000,2018,627.318,0.0,0.0
111-0000,2019,622.503,0.0,0.0
111-0000,2020,677.785,0.0,0.0
111-0000,2021,647.868,0.0,0.0
112-0000,2011,277.4572,0.0,0.0
112-0000,2012,263.0,0.0,0.0
112-0000,2013,247.0,0.0,0.0
112-0000,2014,279.623,0.0,0.0
112-0000,2015,315.24,0.0,0.0
112-0000,2016,316.791,0.0,0.0
112-0000,2017,335.347,0.0,0.0
112-0000,2018,337.005,0.0,0.0
112-0000,2019,320.921,0.0,0.0
112-0000,2020,302.805,0.0,0.0
112-0000,2021,374.821,0.0,0.0
113-0000,2011,461.351,0.0,0.0
113-0000,2012,576.0,0.0,0.0
113-0000,2013,691.0,0.0,0.0
113-0000,2014,752.976,0.0,0.0
113-0000,2015,647.112,0.0,0.0
113-0000,2016,611.624,0.0,0.0
113-0000,2017,648.781,0.0,0.0
113-0000,2018,337.09,0.0,0.0
113-0000,2019,748.645,0.0,0.0
113-0000,2020,759.086,0.0,0.0
113-0000,2021,661.652,0.0,0.0
114-0000,2011,2566.921,0.0,0.0
114-0000,2012,2844.0,0.0,0.0
114-0000,2013,2615.0,0.0,0.0
114-0000,2014,2598.796,0.0,0.0
114-0000,2015,2436.21,0.0,0.0
114-0000,2016,1946.696,0.0,0.0
114-0000,2017,2328.823,0.0,0.0
114-0000,2018,2412.493,0.0,0.0
114-0000,2019,2102.4,0.0,0.0
114-0000,2020,2359.44,0.0,0.0
114-0000,2021,2425.3,0.0,0.0
115-0000,2011,2907.345,0.0,0.0
115-0000,2012,5737.0,0.0,0.0
115-0000,2013,5428.0,0.0,0.0
115-0000,2014,5842.295,0.0,0.0
115-0000,2015,5437.142,0.0,0.0
115-0000,2016,5533.936,0.0,0.0
115-0000,2017,5765.649,0.0,0.0
115-0000,2018,5821.688,0.0,0.0
115-0000,2019,6033.332,0.0,0.0
115-0000,2020,5311.047,0.0,0.0
115-0000,2021,5360.972,0.0,0.0
116-0000,2011,474.603,0.0,0.0
116-0000,2012,527.0,0.0,0.0
116-0000,2013,524.0,0.0,0.0
116-0000,2014,571.3,0.0,0.0
116-0000,2015,558.813,0.0,0.0
116-0000,2016,515.643,0.0,0.0
116-0000,2017,474.922,0.0,0.0
116-0000,2018,484.071,0.0,0.0
116-0000,2019,446.269,0.0,0.0
116-0000,2020,450.076,0.0,0.0
116-0000,2021,460.249,0.0,0.0
117-0000,2011,755.701,0.0,0.0
117-0000,2012,812.0,0.0,0.0
117-0000,2013,807.0,0.0,0.0
117-0000,2014,829.901,0.0,0.0
117-0000,2015,941.408,0.0,0.0
117-0000,2016,935.455,0.0,0.0
117-0000,2017,1037.158,0.0,0.0
117-0000,2018,935.3436077,0.0,0.0
117-0000,2019,950.66,0.0,0.0
117-0000,2020,916.228,0.0,0.0
117-0000,2021,949.804,0.0,0.0
118-0000,2011,2053.19696,1955.0,0.9521736287784099
118-0000,2012,2159.0,1975.0,0.9147753589624826
118-0000,2013,2003.0,1939.0,0.9680479281078382
118-0000,2014,896.072,892.872,0.9964288583953075
118-0000,2015,2149.275,2115.992,0.9845143129660002
118-0000,2016,2280.703,2236.793,0.9807471643611642
118-0000,2017,2396.919,2206.957,0.9207474261750188
118-0000,2018,2428.84,2205.052,0.9078621893578828
118-0000,2019,2391.824,2151.827,0.8996594231013654
118-0000,2020,2428.0170000000003,2305.657,0.9496049656983455
118-0000,2021,2722.924,2189.357,0.8040463119793281
119-0000,2011,3061.62,0.0,0.0
119-0000,2012,3446.0,0.0,0.0
119-0000,2013,3172.0,0.0,0.0
119-0000,2014,2976.232,0.0,0.0
119-0000,2015,3117.618,0.0,0.0
119-0000,2016,3015.25,0.0,0.0
119-0000,2017,3258.915,0.0,0.0
119-0000,2018,3106.62,0.0,0.0
119-0000,2019,3099.902,0.0,0.0
119-0000,2020,2954.017,0.0,0.0
119-0000,2021,2546.104,0.0,0.0
120-0000,2011,372.295,0.0,0.0
120-0000,2012,397.0,0.0,0.0
120-0000,2013,411.0,0.0,0.0
120-0000,2014,441.982,0.0,0.0
120-0000,2015,446.694,0.0,0.0
120-0000,2016,463.493,0.0,0.0
120-0000,2017,448.653,0.0,0.0
120-0000,2018,442.722,0.0,0.0
120-0000,2019,365.566,0.0,0.0
120-0000,2020,465.911,0.0,0.0
120-0000,2021,537.326,0.0,0.0
121-0000,2011,307.718455,0.0,0.0
121-0000,2012,335.0,0.0,0.0
121-0000,2013,323.0,0.0,0.0
121-0000,2014,338.429,0.0,0.0
121-0000,2015,349.167,0.0,0.0
121-0000,2016,340.632,0.0,0.0
121-0000,2017,347.328,0.0,0.0
121-0000,2018,322.11,0.0,0.0
121-0000,2019,318.95099999999996,0.609,0.0019093842000808903
121-0000,2020,315.942,16.116,0.05100936247792316
121-0000,2021,340.426,0.865,0.0025409340062157414
123-1983,2011,3650.325,3566.238,0.9769645168580879
123-1983,2012,4259.0,4259.0,1.0
123-1983,2013,4048.0,4048.0,1.0
123-1983,2014,3925.8630000000003,3908.007,0.9954517006833911
123-1983,2015,3781.3720000000003,3746.996,0.9909091197586484
123-1983,2016,3618.1000000000004,3539.57,0.9782952378320112
123-1983,2017,3641.0099999999998,3600.836,0.9889662483761374
123-1983,2018,3709.08,3627.47,0.9779972392075663
123-1983,2019,3746.56,3677.44,0.9815510761872225
123-1983,2020,3872.71,3848.63,0.9937821318921376
123-1983,2021,3833.93,3674.14,0.9583221394235159
125-0000,2011,2025.215,0.0,0.0
125-0000,2012,1814.0,0.0,0.0
125-0000,2013,1760.0,0.0,0.0
125-0000,2014,1812.726,0.0,0.0
125-0000,2015,1806.774,0.0,0.0
125-0000,2016,1846.135,0.0,0.0
125-0000,2017,1799.437,0.0,0.0
125-0000,2018,1771.994,0.0,0.0
125-0000,2019,1723.443,0.0,0.0
125-0000,2020,1745.979,0.0,0.0
125-0000,2021,1822.265,0.0,0.0
128-0000,2011,4816.875,0.0,0.0
128-0000,2012,4668.0,0.0,0.0
128-0000,2013,4641.0,0.0,0.0
128-0000,2014,4595.68,0.0,0.0
128-0000,2015,4718.337,632.115,0.13396987116435302
128-0000,2016,4742.195,1212.903,0.2557682676482093
128-0000,2017,4621.732,1417.449,0.3066921664865033
128-0000,2018,4496.1269999999995,739.512,0.16447756035361102
128-0000,2019,4602.243,916.602,0.19916419015684306
128-0000,2020,4544.271,1428.86,0.3144310715624134
128-0000,2021,5000.852,1488.258,0.297600888808547
129-0000,2011,2769.488,0.0,0.0
129-0000,2012,2970.0,0.0,0.0
129-0000,2013,3056.0,0.0,0.0
129-0000,2014,2838.967,0.0,0.0
129-0000,2015,2358.927,0.0,0.0
129-0000,2016,2255.999,0.0,0.0
129-0000,2017,2235.161,0.0,0.0
129-0000,2018,2228.271,0.0,0.0
129-0000,2019,2232.15,0.0,0.0
129-0000,2020,2289.779,128.3,0.05603160829058176
129-0000,2021,2308.383,854.744,0.37027824238871976
130-0000,2011,336.347,0.0,0.0
130-0000,2012,734.0,0.0,0.0
130-0000,2013,705.0,0.0,0.0
130-0000,2014,606.627,0.0,0.0
130-0000,2015,700.837073,0.0,0.0
130-0000,2016,656.235,0.0,0.0
130-0000,2017,662.808,35.826,0.05405185212007097
130-0000,2018,632.5210000000001,80.581,0.12739656074659972
130-0000,2019,415.356,52.839,0.1272137636148268
130-0000,2020,519.011,115.357,0.2222631119571647
130-0000,2021,782.782,103.624,0.13237912982158506
131-0000,2011,4814.8099999999995,3102.464,0.6443585520508598
131-0000,2012,5053.0,2450.0,0.48486047892341183
131-0000,2013,4523.0,1997.0,0.44152111430466506
131-0000,2014,4626.455,2222.0,0.48028133851944954
131-0000,2015,4471.320841,2760.0,0.6172672680278369
131-0000,2016,4302.174,2005.0,0.4660434468712795
131-0000,2017,4132.0,2436.0,0.5895450145208132
131-0000,2018,4537.0,3728.0,0.8216883403129821
131-0000,2019,4088.0,3497.0,0.8554305283757339
131-0000,2020,4214.0,3617.0,0.8583293782629331
131-0000,2021,4329.0,3483.0,0.8045738045738046
132-0000,2011,1583.208,0.0,0.0
132-0000,2012,1489.0,0.0,0.0
132-0000,2013,1685.0,0.0,0.0
132-0000,2014,1820.988,0.0,0.0
132-0000,2015,1883.748,0.0,0.0
132-0000,2016,1821.561,0.0,0.0
132-0000,2017,1843.812,0.0,0.0
132-0000,2018,1729.96,0.0,0.0
132-0000,2019,1739.375,138.571,0.07966712181099533
132-0000,2020,1907.594,469.303,0.24601828271634318
132-0000,2021,2017.452,672.354,0.3332688956168474
134-0000,2011,473.37100000000004,66.449,0.14037404065732795
134-0000,2012,475.0,158.0,0.33263157894736844
134-0000,2013,441.0,78.0,0.17687074829931973
134-0000,2014,422.835,13.835,0.03271961876382041
134-0000,2015,420.0,0.0,0.0
134-0000,2016,428.9,0.0,0.0
134-0000,2017,458.2,0.0,0.0
134-0000,2018,460.526,0.0,0.0
134-0000,2019,494.908,0.0,0.0
134-0000,2020,421.356,0.0,0.0
134-0000,2021,516.842,18.142,0.0351016364769117
135-0000,2011,21802.537,1502.537,0.06891569545324014
135-0000,2012,22675.0,3025.0,0.13340683572216097
135-0000,2013,21432.0,3387.0,0.1580347144456887
135-0000,2014,21741.832,4625.497,0.21274642357644932
135-0000,2015,21437.042999999998,3319.995,0.15487187295374646
135-0000,2016,21035.907,4073.088,0.19362549948523733
135-0000,2017,21836.047,4016.406,0.18393466546394593
135-0000,2018,19990.404,4400.163,0.2201137605823274
135-0000,2019,22156.93,1788.93,0.08073907350882997
135-0000,2020,21271.859,3810.164,0.17911758441046455
135-0000,2021,21521.545,3178.087,0.14767002090230977
136-0000,2011,314.147,0.0,0.0
136-0000,2012,320.0,0.0,0.0
136-0000,2013,283.0,0.0,0.0
136-0000,2014,298.998,0.0,0.0
136-0000,2015,272.628,0.0,0.0
136-0000,2016,256.581,0.0,0.0
136-0000,2017,316.345,0.0,0.0
136-0000,2018,204.142,0.0,0.0
136-0000,2020,123.156,0.0,0.0
136-0000,2021,192.954,0.0,0.0
137-0000,2011,1377.593,0.0,0.0
137-0000,2012,1437.0,0.0,0.0
137-0000,2013,1448.0,0.0,0.0
137-0000,2014,1501.492,0.0,0.0
137-0000,2015,1620.721,0.0,0.0
137-0000,2016,1752.639,0.0,0.0
137-0000,2017,1995.79,0.0,0.0
137-0000,2018,1685.673,0.0,0.0
137-0000,2019,1815.081,0.0,0.0
137-0000,2020,1870.227,0.0,0.0
137-0000,2021,1800.538,0.0,0.0
138-0000,2011,1168.266,0.0,0.0
138-0000,2012,1103.0,6.0,0.005439709882139619
138-0000,2013,1178.0,194.0,0.16468590831918506
138-0000,2014,1314.36,210.629,0.16025213792263915
138-0000,2015,1434.1936743,519.737,0.36238968928214854
138-0000,2016,1251.273,381.503,0.30489189809098416
138-0000,2017,1414.2,371.45,0.26265733276764247
138-0000,2018,1345.055784,273.366,0.20323766735313337
138-0000,2019,1259.742,326.432,0.2591260750217108
138-0000,2020,1348.751,246.171,0.1825177516087106
138-0000,2021,1213.557,69.737,0.057464956322611956
139-0000,2011,501.55854999999997,342.385,0.6826421361972596
139-0000,2012,1146.0,947.0,0.8263525305410122
139-0000,2013,799.0,773.0,0.967459324155194
139-0000,2014,1231.318,742.696,0.6031715608802926
139-0000,2015,490.674168027,484.862,0.9881547299496717
139-0000,2016,856.217,799.771,0.9340751234792114
139-0000,2017,969.977,863.161,0.8898778012262146
139-0000,2018,956.8399999999999,922.939,0.9645698340370387
139-0000,2019,825.2479999999999,713.155,0.8641705281321495
139-0000,2020,486.719,468.819,0.9632231328548917
140-0000,2011,472.118,0.0,0.0
140-0000,2012,455.0,0.0,0.0
140-0000,2013,424.0,0.0,0.0
140-0000,2014,480.5,0.0,0.0
140-0000,2015,475.619,0.0,0.0
140-0000,2016,450.688,0.0,0.0
140-0000,2017,443.143,0.0,0.0
140-0000,2018,373.209,0.0,0.0
140-0000,2019,418.425,0.0,0.0
140-0000,2020,412.978,0.0,0.0
140-0000,2021,458.71,0.0,0.0
141-0000,2011,32.903,0.0,0.0
141-0000,2012,73.0,0.0,0.0
141-0000,2013,72.0,0.0,0.0
141-0000,2014,71.927,0.0,0.0
141-0000,2015,79.428,0.0,0.0
141-0000,2016,71.149,0.0,0.0
141-0000,2017,70.598,0.0,0.0
141-0000,2018,49.8135,0.0,0.0
141-0000,2019,54.689,0.0,0.0
141-0000,2020,13.979,0.0,0.0
141-0000,2021,3.859,0.0,0.0
142-0000,2011,1365.719,0.0,0.0
142-0000,2012,1374.0,0.0,0.0
142-0000,2013,340.0,0.0,0.0
142-0000,2014,1386.126,0.0,0.0
142-0000,2015,1488.142328,0.0,0.0
142-0000,2016,1389.804,0.0,0.0
142-0000,2017,1355.769,0.0,0.0
142-0000,2018,632.1398979,0.0,0.0
142-0000,2019,1046.869,0.0,0.0
142-0000,2020,1204.023,0.0,0.0
142-0000,2021,590.564,0.0,0.0
143-0000,2011,2840.704,0.0,0.0
143-0000,2012,2754.0,0.0,0.0
143-0000,2013,2598.0,0.0,0.0
143-0000,2014,2558.26,0.0,0.0
143-0000,2015,2470.916,0.0,0.0
143-0000,2016,2357.526,0.0,0.0
143-0000,2017,2245.755,0.0,0.0
143-0000,2018,2178.654,0.0,0.0
143-0000,2019,2208.715,0.0,0.0
143-0000,2020,2230.27,0.0,0.0
143-0000,2021,2160.161,0.0,0.0
144-0000,2011,220.9848,0.0,0.0
144-0000,2012,270.0,0.0,0.0
144-0000,2013,110.0,0.0,0.0
144-0000,2014,267.875,0.0,0.0
144-0000,2015,278.162,0.0,0.0
144-0000,2016,245.655,0.0,0.0
144-0000,2017,243.56,0.0,0.0
144-0000,2018,232.445,0.0,0.0
144-0000,2019,219.965,0.0,0.0
144-0000,2020,251.559,0.0,0.0
144-0000,2021,272.217,0.0,0.0
145-0000,2011,302.6524,0.0,0.0
145-0000,2012,298.0,0.0,0.0
145-0000,2013,258.0,0.0,0.0
145-0000,2014,233.035,0.0,0.0
145-0000,2015,241.174,0.0,0.0
145-0000,2016,257.797,0.0,0.0
145-0000,2017,254.725,0.0,0.0
145-0000,2018,242.862,0.0,0.0
145-0000,2019,256.801,0.0,0.0
145-0000,2020,303.312,0.0,0.0
145-0000,2021,290.727,0.0,0.0
146-0000,2011,106.4297,0.0,0.0
146-0000,2012,116.0,0.0,0.0
146-0000,2013,88.0,0.0,0.0
146-0000,2014,72.476,0.0,0.0
146-0000,2015,67.426,0.0,0.0
146-0000,2016,63.519,0.0,0.0
146-0000,2017,69.744,0.0,0.0
146-0000,2018,64.385,0.0,0.0
146-0000,2019,56.324,0.0,0.0
146-0000,2020,65.506,0.0,0.0
146-0000,2021,77.713,0.0,0.0
147-0000,2011,259.1367,0.0,0.0
147-0000,2012,256.0,0.0,0.0
147-0000,2013,237.0,0.0,0.0
147-0000,2014,258.487,0.0,0.0
147-0000,2015,260.8287089,0.0,0.0
147-0000,2016,245.351,0.0,0.0
147-0000,2017,253.533,0.0,0.0
147-0000,2018,253.754,0.0,0.0
147-0000,2019,257.456,0.0,0.0
147-0000,2020,254.675,0.0,0.0
147-0000,2021,295.127,0.0,0.0
148-0000,2011,128.072,0.0,0.0
148-0000,2012,138.0,0.0,0.0
148-0000,2013,50.0,0.0,0.0
148-0000,2015,118.6771428,0.0,0.0
148-0000,2016,121.018344,0.0,0.0
148-0000,2017,120.129,0.0,0.0
148-0000,2018,126.3604822,0.0,0.0
148-0000,2019,120.036,0.0,0.0
148-0000,2020,135.308,0.0,0.0
148-0000,2021,135.798,0.0,0.0
149-1980,2011,1527.344,0.0,0.0
149-1980,2012,1574.0,0.0,0.0
149-1980,2013,1737.0,0.0,0.0
149-1980,2014,1633.556,0.0,0.0
149-1980,2015,1578.936,0.0,0.0
149-1980,2016,1592.997,0.0,0.0
149-1980,2017,1615.584,0.0,0.0
149-1980,2018,1627.662,0.0,0.0
149-1980,2019,1639.134,0.0,0.0
149-1980,2020,1691.692,0.0,0.0
149-1980,2021,1649.99,16.302,0.009880059879150782
150-0000,2011,19900.0,0.0,0.0
150-0000,2012,19344.0,0.0,0.0
150-0000,2013,19434.0,0.0,0.0
150-0000,2014,21796.13,0.0,0.0
150-0000,2015,22412.982,0.0,0.0
150-0000,2016,22085.813,0.0,0.0
150-0000,2017,22369.793,0.0,0.0
150-0000,2018,24837.295,0.0,0.0
150-0000,2019,25789.4,0.0,0.0
150-0000,2020,21413.671,0.0,0.0
150-0000,2021,24328.964,0.0,0.0
153-0000,2011,979.45,0.0,0.0
153-0000,2012,776.0,0.0,0.0
153-0000,2013,894.0,0.0,0.0
153-0000,2014,1058.101,0.0,0.0
153-0000,2015,982.837,0.0,0.0
153-0000,2016,973.386,0.0,0.0
153-0000,2017,1079.539258,0.0,0.0
153-0000,2018,822.1734272,0.0,0.0
153-0000,2019,295.829,0.0,0.0
153-0000,2020,877.806,0.0,0.0
153-0000,2021,1128.606,0.0,0.0
154-0000,2011,1630.624,0.0,0.0
154-0000,2012,1846.0,0.0,0.0
154-0000,2013,1604.0,0.0,0.0
154-0000,2014,1521.699,0.0,0.0
154-0000,2015,1593.556,0.0,0.0
154-0000,2016,1516.727,0.0,0.0
154-0000,2017,1550.304,0.0,0.0
154-0000,2018,1507.844,0.0,0.0
154-0000,2019,1452.696,0.0,0.0
154-0000,2020,1445.44,0.0,0.0
154-0000,2021,1184.104,0.0,0.0
155-0000,2011,192.2303,15.799,0.08218787568869215
155-0000,2012,453.0,36.0,0.07947019867549669
155-0000,2013,182.0,12.0,0.06593406593406594
155-0000,2015,261.56600000000003,7.474,0.02857405014413188
155-0000,2016,448.96599999999995,8.864,0.01974314313333304
155-0000,2018,298.332,0.0,0.0
155-0000,2019,988.847,12.526,0.01266727815324312
155-0000,2020,394.764,12.706999999999999,0.032188852073644
156-0000,2011,392.2319,0.0,0.0
156-0000,2012,389.0,0.0,0.0
156-0000,2013,328.0,0.0,0.0
156-0000,2014,334.783,0.0,0.0
156-0000,2015,327.582,0.0,0.0
156-0000,2016,321.212,0.0,0.0
156-0000,2017,338.018,0.0,0.0
156-0000,2018,320.114,0.0,0.0
156-0000,2019,299.758,0.0,0.0
156-0000,2020,293.843,0.0,0.0
156-0000,2021,303.655,0.0,0.0
157-0000,2011,648.44,0.0,0.0
157-0000,2012,656.0,0.0,0.0
157-0000,2013,684.0,0.0,0.0
157-0000,2014,745.828,0.0,0.0
157-0000,2015,747.389,0.0,0.0
157-0000,2016,733.288,0.0,0.0
157-0000,2017,752.086,0.0,0.0
157-0000,2018,638.836,0.0,0.0
157-0000,2019,710.601,0.0,0.0
157-0000,2020,695.201,0.0,0.0
157-0000,2021,690.707,0.0,0.0
158-0000,2011,399.2111,0.0,0.0
158-0000,2012,409.0,0.0,0.0
158-0000,2013,405.0,0.0,0.0
158-0000,2014,437.054,0.0,0.0
158-0000,2015,434.207,0.0,0.0
158-0000,2016,417.185,0.0,0.0
158-0000,2017,440.038,0.0,0.0
158-0000,2018,386.726,0.0,0.0
158-0000,2019,463.632,0.0,0.0
158-0000,2020,398.057,0.0,0.0
158-0000,2021,432.965,0.0,0.0
159-0000,2011,33500.0,0.0,0.0
159-0000,2012,34531.0,0.0,0.0
159-0000,2013,32745.0,0.0,0.0
159-0000,2014,31747.479,985.501,0.031041866347876
159-0000,2015,31577.868,1813.801,0.05743899493151343
159-0000,2016,31181.993,1726.729,0.05537583822817227
159-0000,2017,31821.879,1907.363,0.059938729576591
159-0000,2018,31062.22,2102.643,0.06769133049730508
159-0000,2019,31307.239999999998,2347.98,0.07499798768591547
159-0000,2020,31518.464,2399.937,0.07614384381167813
159-0000,2021,32234.882,2026.204,0.06285749704311
160-0000,2011,3599.0,0.0,0.0
160-0000,2012,4045.0,0.0,0.0
160-0000,2013,4048.0,0.0,0.0
160-0000,2014,4231.0,0.0,0.0
160-0000,2015,4110.0,0.0,0.0
160-0000,2016,4256.0,0.0,0.0
160-0000,2017,4244.298,0.0,0.0
160-0000,2018,4033.0,0.0,0.0
160-0000,2019,4042.567,0.0,0.0
160-0000,2020,4094.432,0.0,0.0
160-0000,2021,4260.0,0.0,0.0
161-0000,2011,3241.0,0.0,0.0
161-0000,2012,3523.0,0.0,0.0
161-0000,2013,3388.0,0.0,0.0
161-0000,2014,3481.92,0.0,0.0
161-0000,2015,3442.36,0.0,0.0
161-0000,2016,3300.275,0.0,0.0
161-0000,2017,3401.747,0.0,0.0
161-0000,2018,2653.826,0.0,0.0
161-0000,2019,2782.0,0.0,0.0
161-0000,2020,2909.0,0.0,0.0
161-0000,2021,2161.0,0.0,0.0
162-0000,2011,4550.0,0.0,0.0
162-0000,2012,5728.0,0.0,0.0
162-0000,2013,4569.0,0.0,0.0
162-0000,2014,4695.6,0.0,0.0
162-0000,2015,4733.1,0.0,0.0
162-0000,2016,4792.4,0.0,0.0
162-0000,2017,4735.0,0.0,0.0
162-0000,2018,4469.213,0.0,0.0
162-0000,2019,4510.0,0.0,0.0
162-0000,2020,3884.429,0.0,0.0
162-0000,2021,4655.922,0.0,0.0
163-0000,2011,3229.0,0.0,0.0
163-0000,2012,3464.0,0.0,0.0
163-0000,2013,5923.995,0.0,0.0
163-0000,2014,6598.0,0.0,0.0
163-0000,2015,6643.0,0.0,0.0
163-0000,2016,6349.0,0.0,0.0
163-0000,2017,6787.0,0.0,0.0
163-0000,2018,6780.0,0.0,0.0
163-0000,2019,6902.0,0.0,0.0
163-0000,2020,5090.0,0.0,0.0
163-0000,2021,7329.0,0.0,0.0
164-0000,2011,6153.0,0.0,0.0
164-0000,2012,6336.0,0.0,0.0
164-0000,2013,6345.0,0.0,0.0
164-0000,2014,5759.0,0.0,0.0
164-0000,2015,6584.988306,0.0,0.0
164-0000,2016,6818.348,0.0,0.0
164-0000,2017,6814.356,0.0,0.0
164-0000,2018,6768.559,0.0,0.0
164-0000,2019,6269.0,0.0,0.0
164-0000,2020,6244.0,0.0,0.0
164-0000,2021,6468.0,0.0,0.0
165-0000,2011,3085.0,0.0,0.0
165-0000,2012,3227.0,0.0,0.0
165-0000,2013,3515.0,0.0,0.0
165-0000,2014,3593.257,0.0,0.0
165-0000,2015,3577.981,0.0,0.0
165-0000,2016,3704.764,0.0,0.0
165-0000,2017,3419.244,0.0,0.0
165-0000,2018,3587.415,0.0,0.0
165-0000,2019,3691.484,0.0,0.0
165-0000,2020,3347.512,0.0,0.0
165-0000,2021,3385.903,0.0,0.0
166-0000,2011,6258.0,0.0,0.0
166-0000,2012,6376.0,0.0,0.0
166-0000,2013,6341.0,0.0,0.0
166-0000,2014,6721.97,0.0,0.0
166-0000,2015,7296.27,0.0,0.0
166-0000,2016,7322.11,0.0,0.0
166-0000,2017,7389.725,0.0,0.0
166-0000,2018,7424.42,0.0,0.0
166-0000,2019,7461.385,0.0,0.0
166-0000,2020,7519.46,0.0,0.0
166-0000,2021,7342.938,0.0,0.0
167-0000,2011,829.249,0.0,0.0
167-0000,2012,878.0,0.0,0.0
167-0000,2013,881.0,0.0,0.0
167-0000,2014,909.07,0.0,0.0
167-0000,2015,885.866,0.0,0.0
167-0000,2016,766.044,0.0,0.0
167-0000,2017,784.261,0.0,0.0
167-0000,2018,773.081,0.0,0.0
167-0000,2019,792.106,0.0,0.0
167-0000,2020,830.847,0.0,0.0
167-0000,2021,869.134,0.0,0.0
169-0000,2011,18800.0,0.0,0.0
169-0000,2012,19164.0,0.0,0.0
169-0000,2013,18160.0,0.0,0.0
169-0000,2014,18811.0,0.0,0.0
169-0000,2015,18511.6,0.0,0.0
169-0000,2016,18479.2,0.0,0.0
169-0000,2017,19143.18,0.0,0.0
169-0000,2018,19186.147,0.0,0.0
169-0000,2019,19189.907,0.0,0.0
169-0000,2020,18565.575,0.0,0.0
169-0000,2021,19099.986,0.0,0.0
170-0000,2011,328.82,0.0,0.0
170-0000,2012,566.0,28.0,0.04946996466431095
170-0000,2013,760.0,326.0,0.42894736842105263
170-0000,2014,819.097,142.871,0.17442500705044703
170-0000,2015,767.3469,401.256,0.5229134306791361
170-0000,2016,741.516,446.965,0.6027718889410343
170-0000,2017,723.4590000000001,350.2,0.4840633677927843
170-0000,2018,674.042,276.468,0.41016435177629884
170-0000,2019,671.9359999999999,271.39,0.40389263263167924
170-0000,2020,686.119,113.6,0.16556894649470424
170-0000,2021,668.29,0.0,0.0
171-0000,2011,211.787,0.0,0.0
171-0000,2012,192.0,0.0,0.0
171-0000,2013,170.0,0.0,0.0
171-0000,2014,186.037,0.0,0.0
171-0000,2015,194.16,0.0,0.0
171-0000,2016,195.538,0.0,0.0
171-0000,2017,189.184,0.0,0.0
171-0000,2018,200.199,0.0,0.0
171-0000,2019,145.148,0.0,0.0
171-0000,2020,183.294,0.0,0.0
171-0000,2021,209.359,0.0,0.0
172-0000,2011,798.502,0.0,0.0
172-0000,2012,820.0,0.0,0.0
172-0000,2013,1034.0,932.0,0.9013539651837524
172-0000,2014,1100.0,1097.0,0.9972727272727273
172-0000,2015,1129.0,1129.0,1.0
172-0000,2016,964.0,789.0,0.8184647302904564
172-0000,2017,1902.0,1898.0,0.9978969505783386
172-0000,2018,1309.0,1147.0,0.8762414056531703
172-0000,2019,1055.0,717.0,0.6796208530805687
172-0000,2020,1105.0,262.0,0.23710407239819004
172-0000,2021,1301.0,881.0,0.6771714066102997
173-0000,2011,448.601,5.517,0.012298233842546049
173-0000,2012,459.0,0.0,0.0
173-0000,2013,411.0,0.0,0.0
173-0000,2014,414.17,0.0,0.0
173-0000,2015,435.688,0.0,0.0
173-0000,2016,454.064,0.0,0.0
173-0000,2017,496.047,0.0,0.0
173-0000,2018,467.705,0.0,0.0
173-0000,2019,282.75,0.0,0.0
173-0000,2020,498.556,0.0,0.0
173-0000,2021,462.36,0.0,0.0
174-0000,2017,62.513,0.0,0.0
175-0000,2011,490.07,0.0,0.0
175-0000,2012,657.0,0.0,0.0
175-0000,2013,515.0,0.0,0.0
175-0000,2014,525.614,0.0,0.0
175-0000,2015,576.538508,0.0,0.0
175-0000,2016,515.04,0.0,0.0
175-0000,2017,606.36,0.0,0.0
175-0000,2018,570.6,0.0,0.0
175-0000,2019,525.478,0.0,0.0
175-0000,2020,615.484,0.0,0.0
175-0000,2021,621.926,0.0,0.0
176-0000,2011,715.839,44.0,0.06146633530724087
176-0000,2012,1197.0,188.0,0.1570593149540518
176-0000,2013,1216.0,375.0,0.30838815789473684
176-0000,2014,178.457,178.457,1.0
176-0000,2015,532.8772507,231.357,0.43416565390262774
176-0000,2016,251.399,184.889,0.7354404751013329
176-0000,2017,217.07600000000002,153.876,0.7088577272475999
176-0000,2018,1410.6129999999998,729.313,0.5170184877071174
176-0000,2019,1238.288,654.358,0.5284376493998165
176-0000,2020,1324.179,509.719,0.38493209754874524
176-0000,2021,1449.1190000000001,632.359,0.43637479047614447
177-0000,2015,56.799,0.0,0.0
177-0000,2016,200.677,0.0,0.0
177-0000,2017,244.669,0.0,0.0
177-0000,2018,65.74523399,0.0,0.0
177-0000,2019,126.915,0.0,0.0
177-0000,2020,264.655,0.0,0.0
177-0000,2021,122.73,0.0,0.0
178-0000,2011,732.5764,0.0,0.0
178-0000,2012,676.0,0.0,0.0
178-0000,2013,649.0,0.0,0.0
178-0000,2014,678.94,0.0,0.0
178-0000,2015,671.984,0.0,0.0
178-0000,2016,637.712,0.0,0.0
178-0000,2017,658.487,0.0,0.0
178-0000,2018,542.331,0.0,0.0
178-0000,2019,271.923,0.0,0.0
178-0000,2020,492.842,0.0,0.0
178-0000,2021,679.361,0.0,0.0
179-0000,2011,420.732,0.0,0.0
179-0000,2012,734.0,0.0,0.0
179-0000,2013,673.0,0.0,0.0
179-0000,2014,661.949,0.0,0.0
179-0000,2015,604.591,0.0,0.0
179-0000,2016,600.89,57.192,0.09517881808650502
179-0000,2017,569.596,0.0,0.0
179-0000,2018,598.653,0.0,0.0
179-0000,2019,558.02,0.0,0.0
179-0000,2020,527.947,0.0,0.0
179-0000,2021,478.382,0.0,0.0
180-0000,2011,4295.975,0.0,0.0
180-0000,2012,4533.0,0.0,0.0
180-0000,2013,4138.0,0.0,0.0
180-0000,2014,1554.99,668.643,0.42999826365442867
180-0000,2015,707.205,707.205,1.0
180-0000,2016,592.969,592.969,1.0
180-0000,2017,486.361,486.361,1.0
180-0000,2018,3367.673,358.261,0.10638235956994638
180-0000,2019,152.635,152.635,1.0
180-0000,2020,3042.315,0.0,0.0
180-0000,2021,3305.16,0.0,0.0
181-0000,2014,117.351,0.0,0.0
181-0000,2018,132.621,0.0,0.0
182-0000,2011,194.5705,0.0,0.0
182-0000,2012,200.0,0.0,0.0
182-0000,2013,200.0,0.0,0.0
182-0000,2014,72.576,0.0,0.0
182-0000,2015,245.1533955,0.0,0.0
182-0000,2016,248.3885982,0.0,0.0
182-0000,2017,231.591,0.0,0.0
182-0000,2018,110.507837,0.0,0.0
182-0000,2021,60.65,0.0,0.0
183-0000,2011,648.313,0.0,0.0
183-0000,2012,758.0,0.0,0.0
183-0000,2013,766.0,0.0,0.0
183-0000,2014,830.156,0.0,0.0
183-0000,2015,882.193,0.0,0.0
183-0000,2016,859.334,0.0,0.0
183-0000,2017,942.435,0.0,0.0
183-0000,2018,947.255,0.0,0.0
183-0000,2019,830.391,0.0,0.0
183-0000,2020,887.782,0.0,0.0
183-0000,2021,934.426,0.0,0.0
184-0000,2011,1146.596,0.0,0.0
184-0000,2012,1155.0,0.0,0.0
184-0000,2013,1104.0,0.0,0.0
184-0000,2014,1125.926,0.0,0.0
184-0000,2015,1286.465,0.0,0.0
184-0000,2016,1289.327,0.0,0.0
184-0000,2017,1322.974,0.0,0.0
184-0000,2018,1340.148,0.0,0.0
184-0000,2019,1264.894,0.0,0.0
184-0000,2020,1246.993,0.0,0.0
184-0000,2021,1248.425,0.0,0.0
185-0000,2011,472.204,0.0,0.0
185-0000,2012,480.0,0.0,0.0
185-0000,2013,457.0,0.0,0.0
185-0000,2014,441.152,0.0,0.0
185-0000,2015,440.8449119,0.0,0.0
185-0000,2016,414.243,0.0,0.0
185-0000,2017,409.468,0.0,0.0
185-0000,2018,404.712,0.0,0.0
185-0000,2019,355.928,0.0,0.0
185-0000,2020,424.791,0.0,0.0
185-0000,2021,426.589,0.0,0.0
186-0000,2011,1908.416,0.0,0.0
186-0000,2012,3656.0,0.0,0.0
186-0000,2013,2681.0,0.0,0.0
186-0000,2014,2060.313,0.0,0.0
186-0000,2015,2017.68,0.0,0.0
186-0000,2016,1977.794,0.0,0.0
186-0000,2017,1987.416,0.0,0.0
186-0000,2018,2071.426,0.0,0.0
186-0000,2019,2142.743,0.0,0.0
186-0000,2020,1983.991,0.0,0.0
186-0000,2021,1845.95,0.0,0.0
187-0000,2011,4313.795,0.0,0.0
187-0000,2012,3898.0,0.0,0.0
187-0000,2013,3161.0,0.0,0.0
187-0000,2014,1513.4810000000002,1026.611,0.6783111251479206
187-0000,2015,1493.577,742.247,0.49695931311207925
187-0000,2016,735.698,735.698,1.0
187-0000,2017,1500.2350000000001,624.335,0.41615813522548134
187-0000,2018,4008.221,1202.683,0.30005406388519995
187-0000,2019,1022.284,1022.284,1.0
187-0000,2020,3612.108,347.0,0.09606578762318291
187-0000,2021,3595.57,0.0,0.0
188-0000,2011,434.1617,0.0,0.0
188-0000,2012,474.0,0.0,0.0
188-0000,2013,426.0,0.0,0.0
188-0000,2014,445.063,0.0,0.0
188-0000,2015,511.807,0.0,0.0
188-0000,2016,552.596,0.0,0.0
188-0000,2017,542.716,0.0,0.0
188-0000,2018,547.907,0.0,0.0
188-0000,2019,545.939,0.0,0.0
188-0000,2020,558.74,0.0,0.0
188-0000,2021,598.808,0.0,0.0
189-0000,2011,416.313,0.0,0.0
189-0000,2012,417.0,0.0,0.0
189-0000,2013,399.0,0.0,0.0
189-0000,2014,372.622,0.0,0.0
189-0000,2015,407.267,0.0,0.0
189-0000,2016,406.4,0.0,0.0
189-0000,2017,414.305,0.0,0.0
189-0000,2018,389.923,0.0,0.0
189-0000,2019,387.515,0.0,0.0
189-0000,2020,403.149,0.0,0.0
189-0000,2021,414.766,0.0,0.0
190-0000,2011,606.7231,0.0,0.0
190-0000,2012,635.0,0.0,0.0
190-0000,2013,679.0,0.0,0.0
190-0000,2018,550.337,0.0,0.0
191-0000,2011,970.951,0.0,0.0
191-0000,2012,988.0,33.0,0.03340080971659919
191-0000,2013,1063.0,268.0,0.2521166509877705
191-0000,2014,169.777,76.613,0.4512566484270543
191-0000,2015,67.743,67.743,1.0
191-0000,2016,102.568,102.568,1.0
191-0000,2017,210.229,55.209,0.26261362609345046
191-0000,2018,1025.759,158.959,0.15496719989783175
191-0000,2019,1175.012,137.542,0.11705582581284277
191-0000,2020,1296.542,107.712,0.08307636775360923
191-0000,2021,1264.005,46.788,0.0370156763620397
192-0000,2011,282.2418,0.0,0.0
192-0000,2012,296.0,0.0,0.0
192-0000,2013,279.0,0.0,0.0
192-0000,2018,150.9636364,0.0,0.0
193-0000,2011,212.303,0.66,0.003108764360371733
193-0000,2012,222.0,0.0,0.0
193-0000,2013,188.0,0.0,0.0
193-0000,2014,206.757,0.0,0.0
193-0000,2015,201.31,0.0,0.0
193-0000,2016,192.999,0.0,0.0
193-0000,2017,195.172,0.0,0.0
193-0000,2018,215.92,0.0,0.0
193-0000,2019,204.029,0.0,0.0
193-0000,2020,183.663,0.0,0.0
193-0000,2021,95.368,0.0,0.0
194-0000,2011,4419.311,921.367,0.20848657177555507
194-0000,2012,4416.0,938.0,0.21240942028985507
194-0000,2013,4337.0,996.0,0.22965183306433018
194-0000,2014,4454.808,1149.714,0.2580838500783872
194-0000,2015,4621.302,986.523,0.2134729563226987
194-0000,2016,4342.39,964.785,0.2221783395779743
194-0000,2017,4362.213,744.575,0.1706874469449337
194-0000,2018,4376.741,785.961,0.17957676727958086
194-0000,2019,4286.627,807.531,0.18838378053420554
194-0000,2020,4302.169,774.169,0.17994853293768795
194-0000,2021,4238.503,682.343,0.1609867917988969
195-0000,2011,43500.0,0.0,0.0
195-0000,2012,44073.0,0.0,0.0
195-0000,2013,45209.0,0.0,0.0
195-0000,2014,97179.0,0.0,0.0
195-0000,2015,90553.0,0.0,0.0
195-0000,2016,96001.0,0.0,0.0
195-0000,2017,103913.16,0.0,0.0
195-0000,2018,96878.0,0.0,0.0
195-0000,2019,101725.62,0.0,0.0
195-0000,2020,94192.2,0.0,0.0
195-0000,2021,92227.0,0.0,0.0
196-0000,2011,426.984,0.0,0.0
196-0000,2012,503.0,0.0,0.0
196-0000,2013,454.0,0.0,0.0
196-0000,2014,443.881,0.0,0.0
196-0000,2015,443.6057,0.0,0.0
196-0000,2016,441.088,0.0,0.0
196-0000,2017,428.672,0.0,0.0
196-0000,2018,380.988,0.0,0.0
196-0000,2019,79.088,0.0,0.0
196-0000,2020,51.658,0.0,0.0
196-0000,2021,281.052,0.0,0.0
197-0000,2013,707.0,0.0,0.0
197-0000,2014,658.4,0.0,0.0
197-0000,2015,638.4,0.0,0.0
197-0000,2016,705.1,0.0,0.0
197-0000,2017,695.0,0.0,0.0
197-0000,2018,708.8407407,0.0,0.0
197-0000,2019,724.3,0.0,0.0
197-0000,2020,723.0,0.0,0.0
197-0000,2021,344.7,0.0,0.0
198-0000,2011,369.216,0.0,0.0
198-0000,2012,760.0,0.0,0.0
198-0000,2013,740.0,0.0,0.0
198-0000,2014,782.2,0.0,0.0
198-0000,2015,767.3,0.0,0.0
198-0000,2016,769.4,0.0,0.0
198-0000,2017,781.719,0.0,0.0
198-0000,2018,858.155,0.0,0.0
198-0000,2019,888.186,0.0,0.0
198-0000,2020,873.346,0.0,0.0
198-0000,2021,891.807,0.0,0.0
204-0000,2017,46.0,0.0,0.0
208-0000,2011,261.5155,0.0,0.0
208-0000,2012,503.0,0.0,0.0
208-0000,2013,503.0,0.0,0.0
208-0000,2014,497.694,0.0,0.0
208-0000,2015,463.849,0.0,0.0
208-0000,2016,486.616,0.0,0.0
208-0000,2017,450.9829962,0.0,0.0
213-0000,2011,267.042,0.0,0.0
213-0000,2012,287.0,0.0,0.0
213-0000,2013,299.0,0.0,0.0
213-0000,2014,318.36,0.0,0.0
213-0000,2015,323.737,0.0,0.0
213-0000,2016,357.974,0.0,0.0
213-0000,2017,363.697,0.0,0.0
213-0000,2018,400.003,0.0,0.0
213-0000,2019,431.358,0.0,0.0
213-0000,2020,438.02,0.0,0.0
213-0000,2021,485.265,0.0,0.0
215-1985,2011,5347753.53,400141.0,0.07482412900207089
215-1985,2012,5310841.0,578475.0,0.1089234266286639
215-1985,2013,5242812.87,611512.0,0.1166381511533903
215-1985,2014,5161661.069,671827.0,0.13015713178745328
215-1985,2015,5059081.98,707719.0,0.13989079496988108
215-1985,2016,5082469.767,728404.0,0.14331693711774912
215-1985,2017,5190625.84,643848.0,0.12404053380969568
215-1985,2018,5033526.119,754267.0,0.14984863139040364
215-1985,2019,4903490.032000001,763093.0,0.15562242301301366
215-1985,2020,4968128.18,796528.3,0.16032764677983813
215-1985,2021,4926283.78,671031.0,0.1362144427660235
216-1982,2011,86159.0,46189.0,0.5360902517438689
216-1982,2012,90420.0,44135.0,0.4881110373811104
216-1982,2013,90426.0,54750.0,0.6054674540508261
216-1982,2014,87283.0,54955.0,0.6296185969776474
216-1982,2015,88161.0,55982.0,0.6349973344222501
216-1982,2016,88820.0,55731.0,0.6274600315244314
216-1982,2017,89504.0,56473.0,0.6309550411154808
216-1982,2018,92707.0,65164.0,0.7029026934319954
216-1982,2019,96218.0,72333.0,0.7517616246440375
216-1982,2020,88245.0,54317.0,0.6155249589211853
216-1982,2021,96412.0,58733.0,0.6091876529892545
217-2009,2011,188072.0,183477.0,0.9755678676251648
217-2009,2012,281730.0,280033.0,0.9939765023249211
217-2009,2013,267082.0,255620.0,0.9570843411386765
217-2009,2014,164360.06,162955.0,0.9914513294774898
217-2009,2015,166610.54,165190.0,0.9914738887467743
217-2009,2016,264376.74,264222.0,0.9994146988876556
217-2009,2017,278671.6,273512.0,0.9814850167724304
217-2009,2018,269344.58,249798.0,0.9274290947306234
217-2009,2019,244171.0,213362.0,0.8738220345577484
217-2009,2020,269755.28,268303.0,0.9946163055640652
217-2009,2021,280807.38,279424.0,0.9950735625253154
218-0000,2011,1946.208,0.0,0.0
218-0000,2012,2031.0,0.0,0.0
218-0000,2013,2266.0,0.0,0.0
218-0000,2014,2284.423,0.0,0.0
218-0000,2015,2161.015,0.0,0.0
218-0000,2016,1282.889,0.0,0.0
218-0000,2017,56.0,0.0,0.0
219-0000,2011,116536.0,115150.0,0.9881066794810187
219-0000,2012,115458.0,113638.0,0.9842366921304717
219-0000,2013,113395.0,113244.0,0.9986683716213237
219-0000,2014,111750.0,111499.0,0.9977539149888143
219-0000,2015,109012.0,109012.0,1.0
219-0000,2016,106100.0,105001.0,0.9896418473138548
219-0000,2017,113591.0,113591.0,1.0
219-0000,2018,108440.0,108440.0,1.0
219-0000,2019,110592.0,110592.0,1.0
219-0000,2021,119388.0,119388.0,1.0
221-0000,2011,50211.0,0.0,0.0
221-0000,2012,49580.0,0.0,0.0
221-0000,2013,50252.0,0.0,0.0
221-0000,2014,49637.0,0.0,0.0
221-0000,2015,50112.0,0.0,0.0
221-0000,2016,50162.0,0.0,0.0
221-0000,2017,49165.0,0.0,0.0
221-0000,2018,48253.0,0.0,0.0
221-0000,2019,47567.0,0.0,0.0
221-0000,2020,51138.0,0.0,0.0
221-0000,2021,47331.0,0.0,0.0
222-0000,2011,389221.0,385796.0,0.9912003720251477
222-0000,2012,430029.0,429207.0,0.9980885010080716
222-0000,2013,401888.0,401169.0,0.9982109443427024
222-0000,2014,424528.0,424329.0,0.9995312441111069
222-0000,2015,427995.0,427681.0,0.9992663465694692
222-0000,2016,418992.0,418626.0,0.9991264749684958
222-0000,2017,430780.0,430681.0,0.9997701843168206
222-0000,2018,396693.0,396556.0,0.999654644775683
222-0000,2019,358237.0,356866.0,0.9961729246281094
222-0000,2020,409162.0,409162.0,1.0
222-0000,2021,433228.0,433223.0,0.9999884587330459
223-0000,2011,148402.0,126550.0,0.8527513106292368
223-0000,2012,153061.0,147434.0,0.9632368794140898
223-0000,2013,151649.0,145841.0,0.9617010333071765
223-0000,2014,157354.0,157354.0,1.0
223-0000,2015,158000.0,158000.0,1.0
223-0000,2016,153793.0,153793.0,1.0
223-0000,2017,162081.0,161169.0,0.9943731837784812
223-0000,2018,148213.0,148139.0,0.9995007185604502
223-0000,2019,149777.0,149777.0,1.0
223-0000,2020,151101.0,151101.0,1.0
223-0000,2021,157575.0,157571.0,0.9999746152625734
224_0000,2011,60559.1799955,0.0,0.0
224_0000,2012,71118.0,0.0,0.0
224_0000,2013,71177.0,0.0,0.0
224_0000,2014,75208.0,0.0,0.0
224_0000,2015,80721.0,0.0,0.0
224_0000,2016,72702.0,0.0,0.0
224_0000,2017,65312.0,0.0,0.0
224_0000,2018,61008.0,0.0,0.0
224_0000,2019,56413.0,0.0,0.0
224_0000,2020,55955.0,0.0,0.0
224_0000,2021,49695.0,0.0,0.0
225_0000,2011,20234.0,20169.0,0.9967875852525452
225_0000,2012,21609.0,21609.0,1.0
225_0000,2013,20566.0,20566.0,1.0
225_0000,2014,21626.0,21626.0,1.0
225_0000,2015,21469.0,20141.0,0.9381433695095254
225_0000,2016,21917.0,18871.0,0.8610211251539901
225_0000,2017,24339.0,20771.0,0.8534040018077982
225_0000,2018,19119.0,13541.0,0.7082483393482922
225_0000,2019,17384.0,14920.0,0.8582604693971468
225_0000,2020,17628.0,16593.0,0.941286589516678
225_0000,2021,18317.0,17557.0,0.958508489381449
